Workbook

Sheet Region
A1: Month3 | B1: Month | C1: Region | D1: Quintile Position | E1: Overall Rank | F1: Overall Score | G1: * | H1: GP Per Labor Hour Actual | I1: GP Per Labor Hour Tgt | J1: GP Per Labor Hour %Tgt | K1: GP Per Labor Hour Rank | L1: PP Acts | M1: PP Act Tgt | N1: PP Act %Tgt | O1: PP Act Attain Rank | P1: ReBiz Boxes | Q1: ReBiz Traffic | R1: Rebiz Conv | S1: Rebiz Conv Target | T1: ReBiz Conv %Tgt | U1: ReBiz Conv Rank | V1: Acc GP Pct Actual | W1: Acc GP Pct Rank | X1: CSAT Actual | Y1: CSAT Rank | Z1: New BAN Actual | AA1: New BAN Target | AB1: New BAN Attainment | AC1: New BAN Rank | AD1: Indexed P360 Attach Rate | AE1: P360 Attach Rate Tgt | AF1: P360 Attach Rate %Tgt | AG1: P360 Attach Rate Rank | AH1: Premium Lines | AI1: New Lines | AJ1: Premium Mix Rate | AK1: Premium Mix Rate Tgt | AL1: Premium Mix Rate %Tgt | AM1: Premium Rate Plan Rank | AN1: Premium Mix Rate %Tgt2 | AO1: Premium Rate Plan Rank3
A2: Month | B2: 10/2026 | C2: South | D2: 1 | E2: 1 | F2: 2.25 | G2: * | H2: 39.0962 | I2: 37.262867 | J2: 1.0492 | K2: 1 | L2: 11739.5 | M2: 13339.038 | N2: 0.880086 | O2: 4 | P2: 17191 | Q2: 91276 | R2: 0.18834086 | S2: 0.23703823 | T2: 0.794559 | U2: 1 | V2: 0.7304 | W2: 2 | X2: 8.8456 | Y2: 4 | Z2: 2817 | AA2: 3101.3846 | AB2: 0.9083 | AC2: 1 | AD2: 0.32239333 | AE2: 0.4 | AF2: 0.805982 | AG2: 3 | AH2: 2686 | AI2: 3516 | AJ2: 0.76393629 | AK2: 0.8 | AL2: 0.95492 | AM2: 3 | AN2: 1.00862 | AO2: 1
A3: Month | B3: 10/2026 | C3: North | D3: 2 | E3: 2 | F3: 2.35 | G3: * | H3: 32.3813 | I3: 32.738146 | J3: 0.9891 | K3: 4 | L3: 7873 | M3: 8642.8477 | N3: 0.910927 | O3: 2 | P3: 10640 | Q3: 58182 | R3: 0.18287443 | S3: 0.24000056 | T3: 0.761975 | U3: 2 | V3: 0.7868 | W3: 1 | X3: 9.0845 | Y3: 3 | Z3: 2114 | AA3: 2363.6066 | AB3: 0.8944 | AC3: 3 | AD3: 0.33019233 | AE3: 0.4 | AF3: 0.82548 | AG3: 2 | AH3: 1948 | AI3: 2388 | AJ3: 0.81574539 | AK3: 0.8 | AL3: 1.019681 | AM3: 1 | AN3: 0.999348 | AO3: 2
A4: Month | B4: 10/2026 | C4: East | D4: 3 | E4: 3 | F4: 2.6 | G4: * | H4: 34.9959 | I4: 35.164691 | J4: 0.9952 | K4: 3 | L4: 12698 | M4: 13265.209 | N4: 0.957241 | O4: 1 | P4: 16371 | Q4: 100173 | R4: 0.16342727 | S4: 0.2373337 | T4: 0.688597 | U4: 4 | V4: 0.6755 | W4: 4 | X4: 9.1447 | Y4: 1 | Z4: 2842 | AA4: 3190.5288 | AB4: 0.8908 | AC4: 4 | AD4: 0.36461967 | AE4: 0.4 | AF4: 0.911547 | AG4: 1 | AH4: 3066 | AI4: 3809 | AJ4: 0.80493568 | AK4: 0.8 | AL4: 1.006168 | AM4: 2 | AN4: 0.926723 | AO4: 3
A5: Month | B5: 10/2026 | C5: Central | D5: 4 | E5: 4 | F5: 2.8 | G5: * | H5: 37.8512 | I5: 37.000196 | J5: 1.023 | K5: 2 | L5: 11794 | M5: 13128.668 | N5: 0.898339 | O5: 3 | P5: 16606 | Q5: 99107 | R5: 0.16755628 | S5: 0.23926869 | T5: 0.700285 | U5: 3 | V5: 0.6925 | W5: 3 | X5: 9.0998 | Y5: 2 | Z5: 3004 | AA5: 3355.2345 | AB5: 0.8953 | AC5: 2 | AD5: 0.29746167 | AE5: 0.4 | AF5: 0.743652 | AG5: 4 | AH5: 2475 | AI5: 3319 | AJ5: 0.74570654 | AK5: 0.8 | AL5: 0.932132 | AM5: 4 | AN5: 0.919401 | AO5: 4

Sheet District
A1: Region | B1: Month | C1: District | D1: Quintile Position | E1: Overall Rank | F1: Overall Score | G1: * | H1: GP Per Labor Hour Actual | I1: GP Per Labor Hour Tgt | J1: GP Per Labor Hour %Tgt | K1: GP Per Labor Hour Rank | L1: PP Acts | M1: PP Act Tgt | N1: PP Act %Tgt | O1: PP Act Attain Rank | P1: ReBiz Boxes | Q1: ReBiz Traffic | R1: Rebiz Conv | S1: Rebiz Conv Target | T1: ReBiz Conv %Tgt | U1: ReBiz Conv Rank | V1: Acc GP Pct Actual | W1: Acc GP Pct Rank | X1: CSAT Actual | Y1: CSAT Rank | Z1: New BAN Actual | AA1: New BAN Target | AB1: New BAN Attainment | AC1: New BAN Rank | AD1: Indexed P360 Attach Rate | AE1: P360 Attach Rate Tgt | AF1: P360 Attach Rate %Tgt | AG1: P360 Attach Rate Rank | AH1: Premium Lines | AI1: New Lines | AJ1: Premium Mix Rate | AK1: Premium Mix Rate Tgt | AL1: Premium Mix Rate %Tgt | AM1: Premium Rate Plan Rank
A2: Central | B2: 10/2026 | C2: West Texas | D2: 1 | E2: 6 | F2: 11.7 | G2: * | H2: 53.3393 | I2: 37.499508 | J2: 1.4224 | K2: 2 | L2: 959 | M2: 955.1746 | N2: 1.004005 | O2: 10 | P2: 1245 | Q2: 7646 | R2: 0.16283024 | S2: 0.24000047 | T2: 0.678458 | U2: 28 | V2: 0.8021 | W2: 7 | X2: 9.0179 | Y2: 20 | Z2: 321 | AA2: 278.4709 | AB2: 1.1527 | AC2: 2 | AD2: 0.35993867 | AE2: 0.4 | AF2: 0.899845 | AG2: 9 | AH2: 210 | AI2: 272 | AJ2: 0.77205882 | AK2: 0.8 | AL2: 0.965072 | AM2: 18
A3: Central | B3: 10/2026 | C3: SA South | D3: 2 | E3: 8 | F3: 12.95 | G3: * | H3: 42.9261 | I3: 37.499869 | J3: 1.1447 | K3: 7 | L3: 1260.5 | M3: 1236.0539 | N3: 1.019778 | O3: 7 | P3: 1772 | Q3: 10911 | R3: 0.16240491 | S3: 0.23250158 | T3: 0.698511 | U3: 24 | V3: 0.771 | W3: 10 | X3: 9.1061 | Y3: 15 | Z3: 355 | AA3: 337.9007 | AB3: 1.0506 | AC3: 3 | AD3: 0.349259 | AE3: 0.4 | AF3: 0.873147 | AG3: 10 | AH3: 243 | AI3: 345 | AJ3: 0.70434783 | AK3: 0.8 | AL3: 0.880433 | AM3: 33
A4: Central | B4: 10/2026 | C4: South TX/RGV | D4: 2 | E4: 10 | F4: 13.95 | G4: * | H4: 47.9843 | I4: 36.665622 | J4: 1.3087 | K4: 3 | L4: 1385 | M4: 1447.9772 | N4: 0.956507 | O4: 14 | P4: 1961 | Q4: 10095 | R4: 0.19425458 | S4: 0.24000092 | T4: 0.809391 | U4: 9 | V4: 0.6933 | W4: 26 | X4: 9.1405 | Y4: 13 | Z4: 313 | AA4: 325.1656 | AB4: 0.9626 | AC4: 7 | AD4: 0.33644467 | AE4: 0.4 | AF4: 0.84111 | AG4: 16 | AH4: 239 | AI4: 360 | AJ4: 0.66388889 | AK4: 0.8 | AL4: 0.82986 | AM4: 35
A5: Central | B5: 10/2026 | C5: SA/Hill Country | D5: 4 | E5: 23 | F5: 21.35 | G5: * | H5: 35.6299 | I5: 37.855822 | J5: 0.9412 | K5: 29 | L5: 891 | M5: 996.2651 | N5: 0.89434 | O5: 23 | P5: 1359 | Q5: 7328 | R5: 0.18545306 | S5: 0.24000033 | T5: 0.77272 | U5: 10 | V5: 0.7659 | W5: 12 | X5: 9.4764 | Y5: 3 | Z5: 208 | AA5: 246.209 | AB5: 0.8448 | AC5: 27 | AD5: 0.23190667 | AE5: 0.4 | AF5: 0.579765 | AG5: 37 | AH5: 188 | AI5: 255 | AJ5: 0.7372549 | AK5: 0.8 | AL5: 0.921567 | AM5: 28
A6: Central | B6: 10/2026 | C6: KS/OK | D6: 4 | E6: 24 | F6: 21.65 | G6: * | H6: 38.0685 | I6: 39.09273 | J6: 0.9738 | K6: 22 | L6: 1820 | M6: 2168.9833 | N6: 0.839103 | O6: 29 | P6: 2600 | Q6: 14584 | R6: 0.17827756 | S6: 0.24000103 | T6: 0.74282 | U6: 16 | V6: 0.7037 | W6: 23 | X6: 9.2316 | Y6: 7 | Z6: 412 | AA6: 546.7538 | AB6: 0.7535 | AC6: 36 | AD6: 0.30964967 | AE6: 0.4 | AF6: 0.774122 | AG6: 25 | AH6: 345 | AI6: 400 | AJ6: 0.8625 | AK6: 0.8 | AL6: 1.078125 | AM6: 7
A7: Central | B7: 10/2026 | C7: MO/IA/NE | D7: 4 | E7: 29 | F7: 23.25 | G7: * | H7: 38.6806 | I7: 34.998733 | J7: 1.1052 | K7: 9 | L7: 1480 | M7: 1535.0083 | N7: 0.964164 | O7: 13 | P7: 1907 | Q7: 11032 | R7: 0.17286077 | S7: 0.24000107 | T7: 0.72025 | U7: 20 | V7: 0.5914 | W7: 34 | X7: 8.6766 | Y7: 34 | Z7: 291 | AA7: 408.3674 | AB7: 0.7126 | AC7: 37 | AD7: 0.29927167 | AE7: 0.4 | AF7: 0.748177 | AG7: 27 | AH7: 265 | AI7: 348 | AJ7: 0.76149425 | AK7: 0.8 | AL7: 0.951867 | AM7: 19
A8: Central | B8: 10/2026 | C8: DFW North | D8: 5 | E8: 33 | F8: 26.35 | G8: * | H8: 30.7191 | I8: 37.002048 | J8: 0.8302 | K8: 34 | L8: 1123.5 | M8: 1296.8973 | N8: 0.866298 | O8: 24 | P8: 1596 | Q8: 10855 | R8: 0.14702902 | S8: 0.24000036 | T8: 0.61262 | U8: 34 | V8: 0.6311 | W8: 32 | X8: 9.1103 | Y8: 14 | Z8: 352 | AA8: 380.3505 | AB8: 0.9255 | AC8: 11 | AD8: 0.27148 | AE8: 0.4 | AF8: 0.6787 | AG8: 33 | AH8: 276 | AI8: 381 | AJ8: 0.72440945 | AK8: 0.8 | AL8: 0.905511 | AM8: 30
A9: Central | B9: 10/2026 | C9: Central Texas | D9: 5 | E9: 34 | F9: 26.7 | G9: * | H9: 29.7505 | I9: 35.908871 | J9: 0.8285 | K9: 35 | L9: 1077 | M9: 1342.8958 | N9: 0.801998 | O9: 32 | P9: 1625 | Q9: 10109 | R9: 0.16074785 | S9: 0.24000133 | T9: 0.669779 | U9: 30 | V9: 0.667 | W9: 29 | X9: 9.1993 | Y9: 10 | Z9: 354 | AA9: 387.9914 | AB9: 0.9124 | AC9: 15 | AD9: 0.29314033 | AE9: 0.4 | AF9: 0.73285 | AG9: 28 | AH9: 303 | AI9: 421 | AJ9: 0.71971496 | AK9: 0.8 | AL9: 0.899642 | AM9: 32
A10: Central | B10: 10/2026 | C10: DFW East | D10: 5 | E10: 35 | F10: 27.85 | G10: * | H10: 34.739 | I10: 37.999344 | J10: 0.9142 | K10: 31 | L10: 1798 | M10: 2149.4125 | N10: 0.836508 | O10: 30 | P10: 2541 | Q10: 16547 | R10: 0.15356258 | S10: 0.24000116 | T10: 0.639841 | U10: 32 | V10: 0.6717 | W10: 28 | X10: 8.8531 | Y10: 28 | Z10: 398 | AA10: 444.0252 | AB10: 0.8963 | AC10: 16 | AD10: 0.24970533 | AE10: 0.4 | AF10: 0.624262 | AG10: 36 | AH10: 406 | AI10: 537 | AJ10: 0.75605214 | AK10: 0.8 | AL10: 0.945065 | AM10: 23

Sheet Store
A1: District | B1: SAP | C1: Month | D1: Sap: Loaction | E1: Quintile Position | F1: Overall Rank | G1: Overall Score | H1: * | I1: GP Per Labor Hour Actual | J1: GP Per Labor Hour Tgt | K1: GP Per Labor Hour %Tgt | L1: GP Per Labor Hour Rank | M1: PP Acts | N1: PP Act Tgt | O1: PP Act %Tgt | P1: PP Act Attain Rank | Q1: ReBiz Boxes | R1: ReBiz Traffic | S1: Rebiz Conv | T1: Rebiz Conv Target | U1: ReBiz Conv %Tgt | V1: ReBiz Conv Rank | W1: Acc GP Pct Actual | X1: Acc GP Pct Rank | Y1: CSAT Actual | Z1: CSAT Rank | AA1: New BAN Actual | AB1: New BAN Target | AC1: New BAN Attainment | AD1: New BAN Rank | AE1: Indexed P360 Attach Rate | AF1: P360 Attach Rate Tgt | AG1: P360 Attach Rate %Tgt | AH1: P360 Attach Rate Rank | AI1: Premium Lines | AJ1: New Lines | AK1: Premium Mix Rate | AL1: Premium Mix Rate Tgt | AM1: Premium Mix Rate %Tgt | AN1: Premium Rate Plan Rank
A2: =_xlfn.XLOOKUP(Table1[[#This Row],[SAP]],'Location List'!B:B,'Location List'!G:G) -> SA SOUTH | B2: =LEFT(Table1[[#This Row],[Sap: Loaction]],4) -> 1627 | C2: 10/2026 | D2: 1627: Marbach | E2: 1 | F2: 12 | G2: 71.15 | H2: * | I2: 51.1741 | J2: 39.998515 | K2: 1.2794 | L2: 66 | M2: 292 | N2: 255.4277 | O2: 1.1432 | P2: 55 | Q2: 386 | R2: 1692 | S2: 0.22813239 | T2: 0.23998778 | U2: 0.9506 | V2: 44 | W2: 0.86483619 | X2: 77 | Y2: 9.8644 | Z2: 26 | AA2: 68 | AB2: 60.2788 | AC2: 1.1281 | AD2: 42 | AE2: 0.32745833 | AF2: 0.4 | AG2: 0.8186 | AH2: 163 | AI2: 64 | AJ2: 76 | AK2: 0.84210526 | AL2: 0.8 | AM2: 1.0526 | AN2: 135
A3: =_xlfn.XLOOKUP(Table1[[#This Row],[SAP]],'Location List'!B:B,'Location List'!G:G) -> SOUTH TX/RGV | B3: =LEFT(Table1[[#This Row],[Sap: Loaction]],4) -> 2584 | C3: 10/2026 | D3: 2584: North Conway | E3: 1 | F3: 16 | G3: 74.6 | H3: * | I3: 63.0338 | J3: 40.001142 | K3: 1.5758 | L3: 19 | M3: 372 | N3: 344.1111 | O3: 1.081 | P3: 78 | Q3: 487 | R3: 2432 | S3: 0.20024671 | T3: 0.23998887 | U3: 0.8344 | V3: 80 | W3: 0.90512221 | X3: 61 | Y3: 9.5614 | Z3: 70 | AA3: 67 | AB3: 52.6378 | AC3: 1.2728 | AD3: 15 | AE3: 0.37789967 | AF3: 0.4 | AG3: 0.9447 | AH3: 105 | AI3: 56 | AJ3: 77 | AK3: 0.72727273 | AL3: 0.8 | AM3: 0.9091 | AN3: 222
A4: =_xlfn.XLOOKUP(Table1[[#This Row],[SAP]],'Location List'!B:B,'Location List'!G:G) -> WEST TEXAS | B4: =LEFT(Table1[[#This Row],[Sap: Loaction]],4) -> 903E | C4: 10/2026 | D4: 903E: Olton | E4: 1 | F4: 20 | G4: 83.1 | H4: * | I4: 39.7111 | J4: 30.000076 | K4: 1.3237 | L4: 54 | M4: 121 | N4: 85.4139 | O4: 1.4166 | P4: 8 | Q4: 158 | R4: 982 | S4: 0.16089613 | T4: 0.24000019 | U4: 0.6704 | V4: 203 | W4: 1.1792196 | X4: 11 | Y4: 8.6842 | Z4: 244 | AA4: 43 | AB4: 23.7719 | AC4: 1.8089 | AD4: 3 | AE4: 0.43655133 | AF4: 0.4 | AG4: 1.0914 | AH4: 39 | AI4: 32 | AJ4: 38 | AK4: 0.84210526 | AL4: 0.8 | AM4: 1.0526 | AN4: 135
A5: =_xlfn.XLOOKUP(Table1[[#This Row],[SAP]],'Location List'!B:B,'Location List'!G:G) -> SA SOUTH | B5: =LEFT(Table1[[#This Row],[Sap: Loaction]],4) -> 4723 | C5: 10/2026 | D5: 4723: Palo Alto | E5: 1 | F5: 31 | G5: 97.45 | H5: * | I5: 55.8597 | J5: 39.999785 | K5: 1.3965 | L5: 37 | M5: 227 | N5: 173.3041 | O5: 1.3098 | P5: 21 | Q5: 286 | R5: 1406 | S5: 0.20341394 | T5: 0.23998813 | U5: 0.8476 | V5: 74 | W5: 0.71274815 | X5: 170 | Y5: 8.84 | Z5: 219 | AA5: 46 | AB5: 39.0538 | AC5: 1.1779 | AD5: 27 | AE5: 0.42796567 | AF5: 0.4 | AG5: 1.0699 | AH5: 50 | AI5: 30 | AJ5: 53 | AK5: 0.56603774 | AL5: 0.8 | AM5: 0.7075 | AN5: 297
A6: =_xlfn.XLOOKUP(Table1[[#This Row],[SAP]],'Location List'!B:B,'Location List'!G:G) -> WEST TEXAS | B6: =LEFT(Table1[[#This Row],[Sap: Loaction]],4) -> 930E | C6: 10/2026 | D6: 930E: Big Spring | E6: 1 | F6: 36 | G6: 101.15 | H6: * | I6: 51.4546 | J6: 39.998912 | K6: 1.2864 | L6: 63 | M6: 147 | N6: 156.0431 | O6: 0.942 | P6: 145 | Q6: 208 | R6: 961 | S6: 0.21644121 | T6: 0.24001021 | U6: 0.9018 | V6: 55 | W6: 0.71503849 | X6: 167 | Y6: 9.8718 | Z6: 25 | AA6: 56 | AB6: 46.6948 | AC6: 1.1993 | AD6: 26 | AE6: 0.29725333 | AF6: 0.4 | AG6: 0.7431 | AH6: 203 | AI6: 36 | AJ6: 46 | AK6: 0.7826087 | AL6: 0.8 | AM6: 0.9783 | AN6: 183
A7: =_xlfn.XLOOKUP(Table1[[#This Row],[SAP]],'Location List'!B:B,'Location List'!G:G) -> WEST TEXAS | B7: =LEFT(Table1[[#This Row],[Sap: Loaction]],4) -> 1FSZ | C7: 10/2026 | D7: 1FSZ: S. Georgia | E7: 1 | F7: 39 | G7: 104.45 | H7: * | I7: 58.0286 | J7: 40.000414 | K7: 1.4507 | L7: 33 | M7: 300 | N7: 281.6994 | O7: 1.065 | P7: 82 | Q7: 336 | R7: 2171 | S7: 0.15476739 | T7: 0.23998665 | U7: 0.6449 | V7: 224 | W7: 0.87418539 | X7: 71 | Y7: 9.3077 | Z7: 115 | AA7: 93 | AB7: 73.0137 | AC7: 1.2737 | AD7: 14 | AE7: 0.332471 | AF7: 0.4 | AG7: 0.8312 | AH7: 158 | AI7: 66 | AJ7: 83 | AK7: 0.79518072 | AL7: 0.8 | AM7: 0.994 | AN7: 171
A8: =_xlfn.XLOOKUP(Table1[[#This Row],[SAP]],'Location List'!B:B,'Location List'!G:G) -> DFW NORTH | B8: =LEFT(Table1[[#This Row],[Sap: Loaction]],4) -> 256E | C8: 10/2026 | D8: 256E: Stephenville | E8: 1 | F8: 40 | G8: 104.5 | H8: * | I8: 38.0102 | J8: 35.000184 | K8: 1.086 | L8: 120 | M8: 141 | N8: 100.2059 | O8: 1.4071 | P8: 9 | Q8: 179 | R8: 740 | S8: 0.24189189 | T8: 0.23999592 | U8: 1.0079 | V8: 29 | W8: 0.75175132 | X8: 140 | Y8: 9.6842 | Z8: 44 | AA8: 36 | AB8: 33.1109 | AC8: 1.0873 | AD8: 52 | AE8: 0.19573133 | AF8: 0.4 | AG8: 0.4893 | AH8: 308 | AI8: 32 | AJ8: 46 | AK8: 0.69565217 | AL8: 0.8 | AM8: 0.8696 | AN8: 238
A9: =_xlfn.XLOOKUP(Table1[[#This Row],[SAP]],'Location List'!B:B,'Location List'!G:G) -> KS/OK | B9: =LEFT(Table1[[#This Row],[Sap: Loaction]],4) -> 586D | C9: 10/2026 | D9: 586D: Ardmore | E9: 1 | F9: 46 | G9: 111.5 | H9: * | I9: 52.4557 | J9: 39.999771 | K9: 1.3114 | L9: 58 | M9: 186 | N9: 186.4338 | O9: 0.9977 | P9: 113 | Q9: 280 | R9: 1489 | S9: 0.18804567 | T9: 0.24000723 | U9: 0.7835 | V9: 114 | W9: 0.9443369 | X9: 50 | Y9: 9.4828 | Z9: 83 | AA9: 38 | AB9: 44.1478 | AC9: 0.8607 | AD9: 177 | AE9: 0.26712067 | AF9: 0.4 | AG9: 0.6678 | AH9: 246 | AI9: 28 | AJ9: 29 | AK9: 0.96551724 | AL9: 0.8 | AM9: 1.2069 | AN9: 43
A10: =_xlfn.XLOOKUP(Table1[[#This Row],[SAP]],'Location List'!B:B,'Location List'!G:G) -> SOUTH TX/RGV | B10: =LEFT(Table1[[#This Row],[Sap: Loaction]],4) -> 216E | C10: 10/2026 | D10: 216E: Portland | E10: 1 | F10: 56 | G10: 117.45 | H10: * | I10: 52.5338 | J10: 40.001371 | K10: 1.3133 | L10: 57 | M10: 163 | N10: 155.2274 | O10: 1.0501 | P10: 86 | Q10: 253 | R10: 1274 | S10: 0.19858713 | T10: 0.24001345 | U10: 0.8274 | V10: 87 | W10: 0.67756677 | X10: 201 | Y10: 8.5 | Z10: 262 | AA10: 53 | AB10: 47.5438 | AC10: 1.1148 | AD10: 45 | AE10: 0.33300967 | AF10: 0.4 | AG10: 0.8325 | AH10: 157 | AI10: 40 | AJ10: 48 | AK10: 0.83333333 | AL10: 0.8 | AM10: 1.0417 | AN10: 142
A11: =_xlfn.XLOOKUP(Table1[[#This Row],[SAP]],'Location List'!B:B,'Location List'!G:G) -> KS/OK | B11: =LEFT(Table1[[#This Row],[Sap: Loaction]],4) -> 990F | C11: 10/2026 | D11: 990F: Wrangler | E11: 1 | F11: 62 | G11: 120.1 | H11: * | I11: 29.039 | J11: 39.998623 | K11: 0.726 | L11: 267 | M11: 157 | N11: 155.213 | O11: 1.0115 | P11: 106 | Q11: 200 | R11: 958 | S11: 0.20876827 | T11: 0.23999111 | U11: 0.8699 | V11: 69 | W11: 0.84879468 | X11: 84 | Y11: 9.5938 | Z11: 62 | AA11: 38 | AB11: 49.2418 | AC11: 0.7717 | AD11: 232 | AE11: 0.432985 | AF11: 0.4 | AG11: 1.0825 | AH11: 43 | AI11: 22 | AJ11: 22 | AK11: 1 | AL11: 0.8 | AM11: 1.25 | AN11: 1
A12: =_xlfn.XLOOKUP(Table1[[#This Row],[SAP]],'Location List'!B:B,'Location List'!G:G) -> MO/IA/NE | B12: =LEFT(Table1[[#This Row],[Sap: Loaction]],4) -> 3ISR | C12: 10/2026 | D12: 3ISR: Council Bluffs | E12: 1 | F12: 63 | G12: 121.25 | H12: * | I12: 65.1351 | J12: 39.999447 | K12: 1.6284 | L12: 16 | M12: 220 | N12: 214.3546 | O12: 1.0263 | P12: 100 | Q12: 277 | R12: 1288 | S12: 0.21506211 | T12: 0.23999789 | U12: 0.8961 | V12: 57 | W12: 0.53648519 | X12: 278 | Y12: 8.4 | Z12: 276 | AA12: 41 | AB12: 41.6008 | AC12: 0.9856 | AD12: 102 | AE12: 0.525334 | AF12: 0.4 | AG12: 1.3133 | AH12: 17 | AI12: 34 | AJ12: 48 | AK12: 0.70833333 | AL12: 0.8 | AM12: 0.8854 | AN12: 229
A13: =_xlfn.XLOOKUP(Table1[[#This Row],[SAP]],'Location List'!B:B,'Location List'!G:G) -> SA SOUTH | B13: =LEFT(Table1[[#This Row],[Sap: Loaction]],4) -> 1VSE | C13: 10/2026 | D13: 1VSE: Valley Hi | E13: 1 | F13: 65 | G13: 121.75 | H13: * | I13: 30.3126 | J13: 34.998961 | K13: 0.8661 | L13: 210 | M13: 123 | N13: 122.3716 | O13: 1.0051 | P13: 109 | Q13: 159 | R13: 898 | S13: 0.17706013 | T13: 0.23998392 | U13: 0.7378 | V13: 149 | W13: 0.99916566 | X13: 35 | Y13: 9.5455 | Z13: 72 | AA13: 28 | AB13: 34.8089 | AC13: 0.8044 | AD13: 211 | AE13: 0.433362 | AF13: 0.4 | AG13: 1.0834 | AH13: 42 | AI13: 23 | AJ13: 24 | AK13: 0.95833333 | AL13: 0.8 | AM13: 1.1979 | AN13: 50
... A83: =_xlfn.XLOOKUP(Table1[[#This Row],[SAP]],'Location List'!B:B,'Location List'!G:G) -> KS/OK | B83: =LEFT(Table1[[#This Row],[Sap: Loaction]],4) -> 849C | C83: 10/2026 | D83: 849C: George Washington | E83: 5 | F83: 334 | G83: 298.25 | H83: * | I83: 18.2215 | J83: 40.003293 | K83: 0.4555 | L83: 330 | M83: 93 | N83: 220.1125 | O83: 0.4225 | P83: 328 | Q83: 145 | R83: 1347 | S83: 0.10764662 | T83: 0.24001477 | U83: 0.4485 | V83: 329 | W83: 0.48848854 | X83: 301 | Y83: 8.9231 | Z83: 204 | AA83: 29 | AB83: 52.6378 | AC83: 0.5509 | AD83: 318 | AE83: 0.28735333 | AF83: 0.4 | AG83: 0.7184 | AH83: 214 | AI83: 13 | AJ83: 24 | AK83: 0.54166667 | AL83: 0.8 | AM83: 0.6771 | AN83: 306

Sheet Employee
A1: District | B1: SAP | C1: Title | D1: Month | E1: Employee | F1: Sap: Loaction | G1: Quintile Position | H1: Overall Rank | I1: Overall Score | J1: * | K1: GP Per Labor Hour Actual | L1: GP Per Labor Hour Tgt | M1: GP Per Labor Hour %Tgt | N1: GP Per Labor Hour Rank | O1: ReBiz Acts | P1: ReBiz Act Traffic | Q1: ReBiz Act Conv | R1: ReBiz Act Conv Tgt | S1: ReBiz Act Conv %Tgt | T1: ReBiz Act Conv Rank | U1: ReBiz Upgrades | V1: ReBiz Traffic | W1: ReBiz Upg Conv | X1: ReBiz Upg Conv Tgt | Y1: ReBiz Upg Conv %Tgt | Z1: ReBiz Upg Conv Rank | AA1: Acc Per Phone Actual | AB1: Acc Per Phone Rank | AC1: CSAT Actual | AD1: CSAT Rank | AE1: New BAN Actual | AF1: New BAN Target | AG1: New BAN Attainment | AH1: New BAN Rank | AI1: Indexed P360 Attach Rate | AJ1: P360 Attach Rate Tgt | AK1: P360 Attach Rate %Tgt | AL1: P360 Attach Rate Rank | AM1: Premium Lines | AN1: New Lines | AO1: Premium Mix Rate | AP1: Premium Mix Rate Tgt | AQ1: Premium Mix Rate %Tgt | AR1: Premium Rate Plan Rank | AS1: Premium Mix Rate %Tgt2 | AT1: Premium Rate Plan Rank3
A2: =_xlfn.XLOOKUP(Table13[[#This Row],[SAP]],'Location List'!B:B,'Location List'!G:G) -> WEST TEXAS | B2: =LEFT(Table13[[#This Row],[Sap: Loaction]],4) -> 903E | C2: =_xlfn.XLOOKUP(Table13[[#This Row],[Employee]],'Location List'!M:M,'Location List'!N:N,"",0) | D2: 10/2026 | E2: CAITLIN NINO(127673) | F2: 903E: Olton | G2: 1 | H2: 24 | I2: 280.55 | J2: * | K2: 69.05 | L2: 30 | M2: 2.3016667 | N2: 39 | O2: 19 | P2: 107 | Q2: 0.17757009 | R2: 0.19 | S2: 0.934578 | T2: 464 | U2: 0 | V2: 107 | W2: 0 | X2: 0.05 | Y2: 0 | Z2: 1312 | AA2: 1.888888 | AB2: 253 | AC2: 9 | AD2: 63 | AE2: 43 | AF2: 23.7719 | AG2: 1.8089 | AH2: 8 | AI2: 0.553571 | AJ2: 0.4 | AK2: 1.383927 | AL2: 178 | AM2: 9 | AN2: 9 | AO2: 1 | AP2: 0.8 | AQ2: 1.25 | AR2: 1 | AS2: 1.25 | AT2: 1
A3: =_xlfn.XLOOKUP(Table13[[#This Row],[SAP]],'Location List'!B:B,'Location List'!G:G) -> WEST TEXAS | B3: =LEFT(Table13[[#This Row],[Sap: Loaction]],4) -> 903E | C3: =_xlfn.XLOOKUP(Table13[[#This Row],[Employee]],'Location List'!M:M,'Location List'!N:N,"",0) | D3: 10/2026 | E3: JOEY CANTU(128224) | F3: 903E: Olton | G3: 1 | H3: 35 | I3: 300.5 | J3: * | K3: 68.65 | L3: 30 | M3: 2.2883333 | N3: 42 | O3: 30 | P3: 162 | Q3: 0.18518519 | R3: 0.19 | S3: 0.974657 | T3: 418 | U3: 3 | V3: 162 | W3: 0.018518519 | X3: 0.05 | Y3: 0.37036 | Z3: 834 | AA3: 1.076923 | AB3: 838 | AC3: 10 | AD3: 1 | AE3: 43 | AF3: 23.7719 | AG3: 1.8089 | AH3: 8 | AI3: 0.41666667 | AJ3: 0.4 | AK3: 1.041665 | AL3: 420 | AM3: 15 | AN3: 15 | AO3: 1 | AP3: 0.8 | AQ3: 1.25 | AR3: 1 | AS3: 1.25 | AT3: 1
A4: =_xlfn.XLOOKUP(Table13[[#This Row],[SAP]],'Location List'!B:B,'Location List'!G:G) -> SOUTH TX/RGV | B4: =LEFT(Table13[[#This Row],[Sap: Loaction]],4) -> 2584 | C4: =_xlfn.XLOOKUP(Table13[[#This Row],[Employee]],'Location List'!M:M,'Location List'!N:N,"",0) | D4: 10/2026 | E4: RODRIGO GLORIA(129756) | F4: 2584: North Conway | G4: 1 | H4: 37 | I4: 302.15 | J4: * | K4: 123.78 | L4: 40 | M4: 3.0945 | N4: 10 | O4: 159 | P4: 510 | Q4: 0.31176471 | R4: 0.19 | S4: 1.640863 | T4: 81 | U4: 12 | V4: 510 | W4: 0.023529412 | X4: 0.05 | Y4: 0.47058 | Z4: 677 | AA4: 1.305555 | AB4: 629 | AC4: 9 | AD4: 63 | AE4: 67 | AF4: 52.6378 | AG4: 1.2728 | AH4: 65 | AI4: 0.42766833 | AJ4: 0.4 | AK4: 1.06917 | AL4: 399 | AM4: 15 | AN4: 24 | AO4: 0.625 | AP4: 0.8 | AQ4: 0.78125 | AR4: 979 | AS4: 1.25 | AT4: 1
A5: =_xlfn.XLOOKUP(Table13[[#This Row],[SAP]],'Location List'!B:B,'Location List'!G:G) -> SA SOUTH | B5: =LEFT(Table13[[#This Row],[Sap: Loaction]],4) -> 1ESL | C5: =_xlfn.XLOOKUP(Table13[[#This Row],[Employee]],'Location List'!M:M,'Location List'!N:N,"",0) | D5: 10/2026 | E5: KEMBERLY MATA(130006) | F5: 1ESL: South Park Mall | G5: 1 | H5: 40 | I5: 304.8 | J5: * | K5: 69.1 | L5: 35 | M5: 1.9742857 | N5: 81 | O5: 47 | P5: 254 | Q5: 0.18503937 | R5: 0.19 | S5: 0.973889 | T5: 421 | U5: 9 | V5: 254 | W5: 0.035433071 | X5: 0.05 | Y5: 0.70866 | Z5: 374 | AA5: 1.666666 | AB5: 349 | AC5: 9 | AD5: 63 | AE5: 36 | AF5: 29.7149 | AG5: 1.2115 | AH5: 101 | AI5: 0.5 | AJ5: 0.4 | AK5: 1.25 | AL5: 242 | AM5: 2 | AN5: 3 | AO5: 0.66666667 | AP5: 0.8 | AQ5: 0.833332 | AR5: 905 | AS5: 1.25 | AT5: 1
A6: =_xlfn.XLOOKUP(Table13[[#This Row],[SAP]],'Location List'!B:B,'Location List'!G:G) -> SA SOUTH | B6: =LEFT(Table13[[#This Row],[Sap: Loaction]],4) -> 4723 | C6: =_xlfn.XLOOKUP(Table13[[#This Row],[Employee]],'Location List'!M:M,'Location List'!N:N,"",0) | D6: 10/2026 | E6: JAMES ACEVES(117082) | F6: 4723: Palo Alto | G6: 1 | H6: 53 | I6: 316.45 | J6: * | K6: 71.06 | L6: 40 | M6: 1.7765 | N6: 142 | O6: 67 | P6: 308 | Q6: 0.21753247 | R6: 0.19 | S6: 1.144905 | T6: 278 | U6: 13 | V6: 308 | W6: 0.042207792 | X6: 0.05 | Y6: 0.84414 | Z6: 260 | AA6: 1.918918 | AB6: 240 | AC6: 8 | AD6: 106 | AE6: 46 | AF6: 39.0538 | AG6: 1.1779 | AH6: 121 | AI6: 0.32777767 | AJ6: 0.4 | AK6: 0.819442 | AL6: 703 | AM6: 8 | AN6: 12 | AO6: 0.66666667 | AP6: 0.8 | AQ6: 0.833332 | AR6: 905 | AS6: 0 | AT6: 501
A7: =_xlfn.XLOOKUP(Table13[[#This Row],[SAP]],'Location List'!B:B,'Location List'!G:G) -> DFW EAST | B7: =LEFT(Table13[[#This Row],[Sap: Loaction]],4) -> 875E | C7: =_xlfn.XLOOKUP(Table13[[#This Row],[Employee]],'Location List'!M:M,'Location List'!N:N,"",0) | D7: 10/2026 | E7: SEAN ARINZE(128820) | F7: 875E: Custer | G7: 1 | H7: 61 | I7: 332.05 | J7: * | K7: 81.43 | L7: 35 | M7: 2.3265714 | N7: 37 | O7: 57 | P7: 119 | Q7: 0.4789916 | R7: 0.19 | S7: 2.521005 | T7: 7 | U7: 6 | V7: 119 | W7: 0.050420168 | X7: 0.05 | Y7: 1.0084 | Z7: 165 | AA7: 1.44 | AB7: 513 | AC7: 8.5 | AD7: 87 | AE7: 17 | AF7: 27.1679 | AG7: 0.6257 | AH7: 1312 | AI7: 0.29282725 | AJ7: 0.4 | AK7: 0.962472 | AL7: 517 | AM7: 21 | AN7: 21 | AO7: 1 | AP7: 0.8 | AQ7: 1.25 | AR7: 1 | AS7: 1.25 | AT7: 1
A8: =_xlfn.XLOOKUP(Table13[[#This Row],[SAP]],'Location List'!B:B,'Location List'!G:G) -> SA SOUTH | B8: =LEFT(Table13[[#This Row],[Sap: Loaction]],4) -> 4723 | C8: =_xlfn.XLOOKUP(Table13[[#This Row],[Employee]],'Location List'!M:M,'Location List'!N:N,"",0) | D8: 10/2026 | E8: LIZBETH PEREZ FAVELA(127245) | F8: 4723: Palo Alto | G8: 1 | H8: 67 | I8: 334.85 | J8: * | K8: 104.59 | L8: 40 | M8: 2.61475 | N8: 24 | O8: 69 | P8: 155 | Q8: 0.44516129 | R8: 0.19 | S8: 2.342952 | T8: 12 | U8: 5 | V8: 155 | W8: 0.032258065 | X8: 0.05 | Y8: 0.64516 | Z8: 443 | AA8: 0.766666 | AB8: 1134 | AC8: 7.5 | AD8: 122 | AE8: 46 | AF8: 39.0538 | AG8: 1.1779 | AH8: 121 | AI8: 0.53333333 | AJ8: 0.4 | AK8: 1.333332 | AL8: 203 | AM8: 1 | AN8: 5 | AO8: 0.2 | AP8: 0.8 | AQ8: 0.25 | AR8: 1205 | AS8: 1.25 | AT8: 1
A9: =_xlfn.XLOOKUP(Table13[[#This Row],[SAP]],'Location List'!B:B,'Location List'!G:G) -> CENTRAL TEXAS | B9: =LEFT(Table13[[#This Row],[Sap: Loaction]],4) -> 1FSH | C9: =_xlfn.XLOOKUP(Table13[[#This Row],[Employee]],'Location List'!M:M,'Location List'!N:N,"",0) | D9: 10/2026 | E9: KATRINA KINDRED(110154) | F9: 1FSH: Manor | G9: 1 | H9: 71 | I9: 338 | J9: * | K9: 66.05 | L9: 40 | M9: 1.65125 | N9: 194 | O9: 36 | P9: 146 | Q9: 0.24657534 | R9: 0.19 | S9: 1.297763 | T9: 182 | U9: 11 | V9: 146 | W9: 0.075342466 | X9: 0.05 | Y9: 1.50684 | Z9: 31 | AA9: 0.777777 | AB9: 1124 | AC9: 7.5 | AD9: 122 | AE9: 64 | AF9: 51.7888 | AG9: 1.2358 | AH9: 86 | AI9: 0.421245 | AJ9: 0.4 | AK9: 1.053112 | AL9: 414 | AM9: 8 | AN9: 12 | AO9: 0.66666667 | AP9: 0.8 | AQ9: 0.833332 | AR9: 905 | AS9: 0.625 | AT9: 452
A10: =_xlfn.XLOOKUP(Table13[[#This Row],[SAP]],'Location List'!B:B,'Location List'!G:G) -> WEST TEXAS | B10: =LEFT(Table13[[#This Row],[Sap: Loaction]],4) -> 930E | C10: =_xlfn.XLOOKUP(Table13[[#This Row],[Employee]],'Location List'!M:M,'Location List'!N:N,"",0) -> RSM | D10: 10/2026 | E10: MARY RODRIGUEZ(126176) | F10: 930E: Big Spring | G10: 1 | H10: 75 | I10: 342.35 | J10: * | K10: 47.94 | L10: 40 | M10: 1.1985 | N10: 471 | O10: 32 | P10: 226 | Q10: 0.14159292 | R10: 0.19 | S10: 0.745221 | T10: 716 | U10: 12 | V10: 226 | W10: 0.053097345 | X10: 0.05 | Y10: 1.06194 | Z10: 138 | AA10: 2.12 | AB10: 179 | AC10: 10 | AD10: 1 | AE10: 56 | AF10: 46.6948 | AG10: 1.1993 | AH10: 116 | AI10: 0.55 | AJ10: 0.4 | AK10: 1.375 | AL10: 182 | AM10: 8 | AN10: 9 | AO10: 0.88888889 | AP10: 0.8 | AQ10: 1.11111 | AR10: 611 | AS10: 1.25 | AT10: 1
A11: =_xlfn.XLOOKUP(Table13[[#This Row],[SAP]],'Location List'!B:B,'Location List'!G:G) -> KS/OK | B11: =LEFT(Table13[[#This Row],[Sap: Loaction]],4) -> 114E | C11: =_xlfn.XLOOKUP(Table13[[#This Row],[Employee]],'Location List'!M:M,'Location List'!N:N,"",0) | D11: 10/2026 | E11: FINLEE WERNER(129078) | F11: 114E: Chickasha | G11: 1 | H11: 78 | I11: 348.45 | J11: * | K11: 36.41 | L11: 35 | M11: 1.0402857 | N11: 612 | O11: 60 | P11: 140 | Q11: 0.42857143 | R11: 0.19 | S11: 2.255636 | T11: 15 | U11: 6 | V11: 140 | W11: 0.042857143 | X11: 0.05 | Y11: 0.85714 | Z11: 250 | AA11: 1.545454 | AB11: 430 | AC11: 10 | AD11: 1 | AE11: 28 | AF11: 31.4129 | AG11: 0.8914 | AH11: 731 | AI11: 0.30555533 | AJ11: 0.4 | AK11: 0.763887 | AL11: 758 | AM11: 1 | AN11: 1 | AO11: 1 | AP11: 0.8 | AQ11: 1.25 | AR11: 1 | AS11: 0 | AT11: 501
A12: =_xlfn.XLOOKUP(Table13[[#This Row],[SAP]],'Location List'!B:B,'Location List'!G:G) -> SA/HILL COUNTRY | B12: =LEFT(Table13[[#This Row],[Sap: Loaction]],4) -> 776D | C12: =_xlfn.XLOOKUP(Table13[[#This Row],[Employee]],'Location List'!M:M,'Location List'!N:N,"",0) -> RSM | D12: 10/2026 | E12: DWAYNE PYLE(105026) | F12: 776D: Thousand Oaks | G12: 1 | H12: 81 | I12: 350.1 | J12: * | K12: 73.11 | L12: 35 | M12: 2.0888571 | N12: 62 | O12: 70 | P12: 189 | Q12: 0.37037037 | R12: 0.19 | S12: 1.949315 | T12: 36 | U12: 6 | V12: 189 | W12: 0.031746032 | X12: 0.05 | Y12: 0.63492 | Z12: 454 | AA12: 1.59375 | AB12: 413 | AC12: 10 | AD12: 1 | AE12: 24 | AF12: 27.1679 | AG12: 0.8834 | AH12: 752 | AI12: 0.017543667 | AJ12: 0.4 | AK12: 0.043857 | AL12: 1339 | AM12: 12 | AN12: 12 | AO12: 1 | AP12: 0.8 | AQ12: 1.25 | AR12: 1 | AS12: 0 | AT12: 501
A13: =_xlfn.XLOOKUP(Table13[[#This Row],[SAP]],'Location List'!B:B,'Location List'!G:G) -> WEST TEXAS | B13: =LEFT(Table13[[#This Row],[Sap: Loaction]],4) -> 930E | C13: =_xlfn.XLOOKUP(Table13[[#This Row],[Employee]],'Location List'!M:M,'Location List'!N:N,"",0) | D13: 10/2026 | E13: CHRISTEN RODRIGUEZ(126466) | F13: 930E: Big Spring | G13: 1 | H13: 85 | I13: 355.35 | J13: * | K13: 63.13 | L13: 40 | M13: 1.57825 | N13: 225 | O13: 46 | P13: 201 | Q13: 0.22885572 | R13: 0.19 | S13: 1.2045 | T13: 231 | U13: 12 | V13: 201 | W13: 0.059701493 | X13: 0.05 | Y13: 1.19402 | Z13: 74 | AA13: 1.2 | AB13: 722 | AC13: 9.444444 | AD13: 39 | AE13: 56 | AF13: 46.6948 | AG13: 1.1993 | AH13: 116 | AI13: 0.27719267 | AJ13: 0.4 | AK13: 0.69298 | AL13: 840 | AM13: 10 | AN13: 15 | AO13: 0.66666667 | AP13: 0.8 | AQ13: 0.833332 | AR13: 905 | AS13: 1.25 | AT13: 1
... A28: =_xlfn.XLOOKUP(Table13[[#This Row],[SAP]],'Location List'!B:B,'Location List'!G:G) -> SOUTH TX/RGV | B28: =LEFT(Table13[[#This Row],[Sap: Loaction]],4) -> 200E | C28: =_xlfn.XLOOKUP(Table13[[#This Row],[Employee]],'Location List'!M:M,'Location List'!N:N,"",0) | D28: 10/2026 | E28: JOHNSON DILLASHAW(129129) | F28: 200E: Rockport | G28: 1 | H28: 139 | I28: 390.85 | J28: * | K28: 76.19 | L28: 40 | M28: 1.90475 | N28: 97 | O28: 53 | P28: 209 | Q28: 0.25358852 | R28: 0.19 | S28: 1.334673 | T28: 164 | U28: 3 | V28: 209 | W28: 0.014354067 | X28: 0.05 | Y28: 0.28708 | Z28: 971 | AA28: 1.857142 | AB28: 269 | AC28: 9.4 | AD28: 42 | AE28: 41 | AF28: 41.6008 | AG28: 0.9856 | AH28: 466 | AI28: 0.42592567 | AJ28: 0.4 | AK28: 1.064812 | AL28: 404 | AM28: 5 | AN28: 10 | AO28: 0.5 | AP28: 0.8 | AQ28: 0.625 | AR28: 1050 | AS28: 1.25 | AT28: 1
A29: =_xlfn.XLOOKUP(Table13[[#This Row],[SAP]],'Location List'!B:B,'Location List'!G:G) -> SA SOUTH | B29: =LEFT(Table13[[#This Row],[Sap: Loaction]],4) -> 1627 | C29: =_xlfn.XLOOKUP(Table13[[#This Row],[Employee]],'Location List'!M:M,'Location List'!N:N,"",0) | D29: 10/2026 | E29: DAVID ALEMAN(126389) | F29: 1627: Marbach | G29: 1 | H29: 144 | I29: 394.05 | J29: * | K29: 61.34 | L29: 40 | M29: 1.5335 | N29: 245 | O29: 52 | P29: 198 | Q29: 0.26262626 | R29: 0.19 | S29: 1.382242 | T29: 144 | U29: 4 | V29: 198 | W29: 0.02020202 | X29: 0.05 | Y29: 0.40404 | Z29: 788 | AA29: 1.807692 | AB29: 292 | AC29: 10 | AD29: 1 | AE29: 68 | AF29: 60.2788 | AG29: 1.1281 | AH29: 182 | AJ29: 0.4 | AK29: 0 | AL29: 1340 | AM29: 9 | AN29: 10 | AO29: 0.9 | AP29: 0.8 | AQ29: 1.125 | AR29: 591 | AS29: 1.25 | AT29: 1
A30: =_xlfn.XLOOKUP(Table13[[#This Row],[SAP]],'Location List'!B:B,'Location List'!G:G) -> SA/HILL COUNTRY | B30: =LEFT(Table13[[#This Row],[Sap: Loaction]],4) -> 1ESB | C30: =_xlfn.XLOOKUP(Table13[[#This Row],[Employee]],'Location List'!M:M,'Location List'!N:N,"",0) | D30: 10/2026 | E30: ELIJAH MILLENDER(107137) | F30: 1ESB: Creekside | G30: 1 | H30: 150 | I30: 396.95 | J30: * | K30: 79.67 | L30: 40 | M30: 1.99175 | N30: 76 | O30: 55 | P30: 212 | Q30: 0.25943396 | R30: 0.19 | S30: 1.365436 | T30: 150 | U30: 11 | V30: 212 | W30: 0.051886792 | X30: 0.05 | Y30: 1.03772 | Z30: 148 | AA30: 0.705882 | AB30: 1187 | AC30: 9.5 | AD30: 37 | AE30: 44 | AF30: 47.5438 | AG30: 0.9255 | AH30: 619 | AI30: 0.347953 | AJ30: 0.4 | AK30: 0.869882 | AL30: 617 | AM30: 28 | AN30: 32 | AO30: 0.875 | AP30: 0.8 | AQ30: 1.09375 | AR30: 638 | AS30: 1.25 | AT30: 1
A31: =_xlfn.XLOOKUP(Table13[[#This Row],[SAP]],'Location List'!B:B,'Location List'!G:G) -> WEST TEXAS | B31: =LEFT(Table13[[#This Row],[Sap: Loaction]],4) -> 1FSZ | C31: =_xlfn.XLOOKUP(Table13[[#This Row],[Employee]],'Location List'!M:M,'Location List'!N:N,"",0) | D31: 10/2026 | E31: JEREMY GEIGER(129241) | F31: 1FSZ: S. Georgia | G31: 1 | H31: 166 | I31: 405.7 | J31: * | K31: 48.64 | L31: 40 | M31: 1.216 | N31: 453 | O31: 47 | P31: 300 | Q31: 0.15666667 | R31: 0.19 | S31: 0.824557 | T31: 609 | U31: 7 | V31: 300 | W31: 0.023333333 | X31: 0.05 | Y31: 0.46666 | Z31: 689 | AA31: 1.84 | AB31: 279 | AC31: 10 | AD31: 1 | AE31: 93 | AF31: 73.0137 | AG31: 1.2737 | AH31: 61 | AI31: 0.39529867 | AJ31: 0.4 | AK31: 0.988245 | AL31: 488 | AM31: 8 | AN31: 9 | AO31: 0.88888889 | AP31: 0.8 | AQ31: 1.11111 | AR31: 611 | AS31: 0 | AT31: 501
A32: =_xlfn.XLOOKUP(Table13[[#This Row],[SAP]],'Location List'!B:B,'Location List'!G:G) -> KS/OK | B32: =LEFT(Table13[[#This Row],[Sap: Loaction]],4) -> 5280 | C32: =_xlfn.XLOOKUP(Table13[[#This Row],[Employee]],'Location List'!M:M,'Location List'!N:N,"",0) | D32: 10/2026 | E32: JORDAN DAVIS(120751) | F32: 5280: Garth Brooks Blvd | G32: 1 | H32: 168 | I32: 408.25 | J32: * | K32: 59.46 | L32: 40 | M32: 1.4865 | N32: 271 | O32: 64 | P32: 329 | Q32: 0.19452888 | R32: 0.19 | S32: 1.023831 | T32: 361 | U32: 9 | V32: 329 | W32: 0.027355623 | X32: 0.05 | Y32: 0.5471 | Z32: 571 | AA32: 1.15625 | AB32: 768 | AC32: 8.5 | AD32: 87 | AE32: 41 | AF32: 42.4498 | AG32: 0.9658 | AH32: 526 | AI32: 0.313131 | AJ32: 0.4 | AK32: 0.782827 | AL32: 738 | AM32: 10 | AN32: 10 | AO32: 1 | AP32: 0.8 | AQ32: 1.25 | AR32: 1 | AS32: 1.25 | AT32: 1
A33: =_xlfn.XLOOKUP(Table13[[#This Row],[SAP]],'Location List'!B:B,'Location List'!G:G) -> SOUTH TX/RGV | B33: =LEFT(Table13[[#This Row],[Sap: Loaction]],4) -> 2584 | C33: =_xlfn.XLOOKUP(Table13[[#This Row],[Employee]],'Location List'!M:M,'Location List'!N:N,"",0) | D33: 10/2026 | E33: JOHN CADENA(126871) | F33: 2584: North Conway | G33: 1 | H33: 171 | I33: 410.25 | J33: * | K33: 68.79 | L33: 40 | M33: 1.71975 | N33: 158 | O33: 99 | P33: 540 | Q33: 0.18333333 | R33: 0.19 | S33: 0.96491 | T33: 430 | U33: 13 | V33: 540 | W33: 0.024074074 | X33: 0.05 | Y33: 0.48148 | Z33: 663 | AA33: 0.803921 | AB33: 1103 | AC33: 10 | AD33: 1 | AE33: 67 | AF33: 52.6378 | AG33: 1.2728 | AH33: 65 | AI33: 0.42604 | AJ33: 0.4 | AK33: 1.0651 | AL33: 403 | AM33: 12 | AN33: 15 | AO33: 0.8 | AP33: 0.8 | AQ33: 1 | AR33: 738 | AS33: 0 | AT33: 501
A34: =_xlfn.XLOOKUP(Table13[[#This Row],[SAP]],'Location List'!B:B,'Location List'!G:G) -> SA/HILL COUNTRY | B34: =LEFT(Table13[[#This Row],[Sap: Loaction]],4) -> 569D | C34: =_xlfn.XLOOKUP(Table13[[#This Row],[Employee]],'Location List'!M:M,'Location List'!N:N,"",0) | D34: 10/2026 | E34: JOSHUA PHILLIPS(128695) | F34: 569D: South Main | G34: 1 | H34: 173 | I34: 410.3 | J34: * | K34: 37.7 | L34: 35 | M34: 1.0771429 | N34: 583 | O34: 37 | P34: 212 | Q34: 0.1745283 | R34: 0.19 | S34: 0.918568 | T34: 487 | U34: 17 | V34: 212 | W34: 0.080188679 | X34: 0.05 | Y34: 1.60376 | Z34: 26 | AA34: 1.296296 | AB34: 637 | AC34: 10 | AD34: 1 | AE34: 20 | AF34: 23.7719 | AG34: 0.8413 | AH34: 853 | AI34: 0.47619033 | AJ34: 0.4 | AK34: 1.190475 | AL34: 310 | AM34: 6 | AN34: 6 | AO34: 1 | AP34: 0.8 | AQ34: 1.25 | AR34: 1 | AS34: 1.25 | AT34: 1
A35: =_xlfn.XLOOKUP(Table13[[#This Row],[SAP]],'Location List'!B:B,'Location List'!G:G) -> SA/HILL COUNTRY | B35: =LEFT(Table13[[#This Row],[Sap: Loaction]],4) -> 583D | C35: =_xlfn.XLOOKUP(Table13[[#This Row],[Employee]],'Location List'!M:M,'Location List'!N:N,"",0) | D35: 10/2026 | E35: MAURICIO GARZA(125726) | F35: 583D: Cibolo | G35: 1 | H35: 174 | I35: 410.65 | J35: * | K35: 49.26 | L35: 40 | M35: 1.2315 | N35: 439 | O35: 30 | P35: 198 | Q35: 0.15151515 | R35: 0.19 | S35: 0.797447 | T35: 639 | U35: 10 | V35: 198 | W35: 0.050505051 | X35: 0.05 | Y35: 1.0101 | Z35: 163 | AA35: 1.619047 | AB35: 390 | AC35: 9.857142 | AD35: 12 | AE35: 34 | AF35: 29.7149 | AG35: 1.1442 | AH35: 168 | AI35: 0.38888867 | AJ35: 0.4 | AK35: 0.97222 | AL35: 495 | AM35: 10 | AN35: 14 | AO35: 0.71428571 | AP35: 0.8 | AQ35: 0.892856 | AR35: 858 | AS35: 0.694443 | AT35: 451
A36: =_xlfn.XLOOKUP(Table13[[#This Row],[SAP]],'Location List'!B:B,'Location List'!G:G) -> KS/OK | B36: =LEFT(Table13[[#This Row],[Sap: Loaction]],4) -> 586D | C36: =_xlfn.XLOOKUP(Table13[[#This Row],[Employee]],'Location List'!M:M,'Location List'!N:N,"",0) | D36: 10/2026 | E36: KYLE NIPP(129086) | F36: 586D: Ardmore | G36: 1 | H36: 176 | I36: 411.75 | J36: * | K36: 68.55 | L36: 40 | M36: 1.71375 | N36: 161 | O36: 80 | P36: 302 | Q36: 0.26490066 | R36: 0.19 | S36: 1.39421 | T36: 142 | U36: 6 | V36: 302 | W36: 0.01986755 | X36: 0.05 | Y36: 0.39734 | Z36: 794 | AA36: 0.953488 | AB36: 957 | AC36: 10 | AD36: 1 | AE36: 38 | AF36: 44.1478 | AG36: 0.8607 | AH36: 814 | AI36: 0.34761867 | AJ36: 0.4 | AK36: 0.869045 | AL36: 618 | AM36: 9 | AN36: 9 | AO36: 1 | AP36: 0.8 | AQ36: 1.25 | AR36: 1 | AS36: 1.25 | AT36: 1
A37: =_xlfn.XLOOKUP(Table13[[#This Row],[SAP]],'Location List'!B:B,'Location List'!G:G) -> KS/OK | B37: =LEFT(Table13[[#This Row],[Sap: Loaction]],4) -> 966D | C37: =_xlfn.XLOOKUP(Table13[[#This Row],[Employee]],'Location List'!M:M,'Location List'!N:N,"",0) | D37: 10/2026 | E37: ASHLEY SHOEMAKER(122974) | F37: 966D: Sapulpa | G37: 1 | H37: 181 | I37: 413.85 | J37: * | K37: 71.65 | L37: 40 | M37: 1.79125 | N37: 137 | O37: 53 | P37: 234 | Q37: 0.22649573 | R37: 0.19 | S37: 1.192078 | T37: 240 | U37: 6 | V37: 234 | W37: 0.025641026 | X37: 0.05 | Y37: 0.51282 | Z37: 610 | AA37: 1.625 | AB37: 386 | AC37: 9.875 | AD37: 11 | AE37: 39 | AF37: 54.3358 | AG37: 0.7178 | AH37: 1168 | AI37: 0.33121667 | AJ37: 0.4 | AK37: 0.82804 | AL37: 693 | AM37: 9 | AN37: 9 | AO37: 1 | AP37: 0.8 | AQ37: 1.25 | AR37: 1 | AS37: 1.25 | AT37: 1
A38: =_xlfn.XLOOKUP(Table13[[#This Row],[SAP]],'Location List'!B:B,'Location List'!G:G) -> SA SOUTH | B38: =LEFT(Table13[[#This Row],[Sap: Loaction]],4) -> 1627 | C38: =_xlfn.XLOOKUP(Table13[[#This Row],[Employee]],'Location List'!M:M,'Location List'!N:N,"",0) | D38: 10/2026 | E38: SAVANNAH UTLEY(106365) | F38: 1627: Marbach | G38: 1 | H38: 184 | I38: 414.95 | J38: * | K38: 57.23 | L38: 40 | M38: 1.43075 | N38: 305 | O38: 53 | P38: 301 | Q38: 0.17607973 | R38: 0.19 | S38: 0.926731 | T38: 477 | U38: 5 | V38: 301 | W38: 0.016611296 | X38: 0.05 | Y38: 0.33222 | Z38: 902 | AA38: 2.222222 | AB38: 155 | AC38: 9.583333 | AD38: 31 | AE38: 68 | AF38: 60.2788 | AG38: 1.1281 | AH38: 182 | AI38: 0.304248 | AJ38: 0.4 | AK38: 0.76062 | AL38: 766 | AM38: 8 | AN38: 9 | AO38: 0.88888889 | AP38: 0.8 | AQ38: 1.11111 | AR38: 611 | AS38: 0 | AT38: 501
A39: =_xlfn.XLOOKUP(Table13[[#This Row],[SAP]],'Location List'!B:B,'Location List'!G:G) -> DFW NORTH | B39: =LEFT(Table13[[#This Row],[Sap: Loaction]],4) -> 5429 | C39: =_xlfn.XLOOKUP(Table13[[#This Row],[Employee]],'Location List'!M:M,'Location List'!N:N,"",0) | D39: 10/2026 | E39: ANNALEE STEPHEN(126209) | F39: 5429: Seventh Ave | G39: 1 | H39: 188 | I39: 417.35 | J39: * | K39: 63.51 | L39: 40 | M39: 1.58775 | N39: 218 | O39: 55 | P39: 235 | Q39: 0.23404255 | R39: 0.19 | S39: 1.2318 | T39: 212 | U39: 4 | V39: 235 | W39: 0.017021277 | X39: 0.05 | Y39: 0.34042 | Z39: 881 | AA39: 1.545454 | AB39: 430 | AC39: 10 | AD39: 1 | AE39: 64 | AF39: 60.2788 | AG39: 1.0617 | AH39: 283 | AI39: 0.17037033 | AJ39: 0.4 | AK39: 0.425925 | AL39: 1112 | AM39: 10 | AN39: 11 | AO39: 0.90909091 | AP39: 0.8 | AQ39: 1.136362 | AR39: 574 | AS39: 1.25 | AT39: 1
A40: =_xlfn.XLOOKUP(Table13[[#This Row],[SAP]],'Location List'!B:B,'Location List'!G:G) -> SA SOUTH | B40: =LEFT(Table13[[#This Row],[Sap: Loaction]],4) -> 4723 | C40: =_xlfn.XLOOKUP(Table13[[#This Row],[Employee]],'Location List'!M:M,'Location List'!N:N,"",0) | D40: 10/2026 | E40: MICHAEL GONZALES(127095) | F40: 4723: Palo Alto | G40: 1 | H40: 191 | I40: 420.45 | J40: * | K40: 67.8 | L40: 40 | M40: 1.695 | N40: 168 | O40: 55 | P40: 299 | Q40: 0.18394649 | R40: 0.19 | S40: 0.968136 | T40: 426 | U40: 5 | V40: 299 | W40: 0.016722408 | X40: 0.05 | Y40: 0.33444 | Z40: 894 | AA40: 1.192307 | AB40: 741 | AC40: 8.555555 | AD40: 86 | AE40: 46 | AF40: 39.0538 | AG40: 1.1779 | AH40: 121 | AI40: 0.55324067 | AJ40: 0.4 | AK40: 1.3831 | AL40: 180 | AM40: 8 | AN40: 14 | AO40: 0.57142857 | AP40: 0.8 | AQ40: 0.714285 | AR40: 1018 | AS40: 0 | AT40: 501
A41: =_xlfn.XLOOKUP(Table13[[#This Row],[SAP]],'Location List'!B:B,'Location List'!G:G) -> WEST TEXAS | B41: =LEFT(Table13[[#This Row],[Sap: Loaction]],4) -> 705D | C41: =_xlfn.XLOOKUP(Table13[[#This Row],[Employee]],'Location List'!M:M,'Location List'!N:N,"",0) | D41: 10/2026 | E41: AUDREY JOHNSON(126281) | F41: 705D: Midland | G41: 1 | H41: 192 | I41: 421.7 | J41: * | K41: 74.96 | L41: 40 | M41: 1.874 | N41: 105 | O41: 23 | P41: 123 | Q41: 0.18699187 | R41: 0.19 | S41: 0.984163 | T41: 401 | U41: 6 | V41: 123 | W41: 0.048780488 | X41: 0.05 | Y41: 0.9756 | Z41: 187 | AA41: 0.76923 | AB41: 1128 | AC41: 9.5 | AD41: 37 | AE41: 44 | AF41: 42.4498 | AG41: 1.0365 | AH41: 355 | AI41: 0.40079333 | AJ41: 0.4 | AK41: 1.001982 | AL41: 468 | AM41: 4 | AN41: 6 | AO41: 0.66666667 | AP41: 0.8 | AQ41: 0.833332 | AR41: 905 | AS41: 0 | AT41: 501
... A81: =_xlfn.XLOOKUP(Table13[[#This Row],[SAP]],'Location List'!B:B,'Location List'!G:G) -> CENTRAL TEXAS | B81: =LEFT(Table13[[#This Row],[Sap: Loaction]],4) -> 1FSH | C81: =_xlfn.XLOOKUP(Table13[[#This Row],[Employee]],'Location List'!M:M,'Location List'!N:N,"",0) | D81: 10/2026 | E81: PEDRO CASTRO(124783) | F81: 1FSH: Manor | G81: 2 | H81: 362 | I81: 498.3 | J81: * | K81: 55.22 | L81: 40 | M81: 1.3805 | N81: 344 | O81: 44 | P81: 360 | Q81: 0.12222222 | R81: 0.19 | S81: 0.643273 | T81: 858 | U81: 7 | V81: 360 | W81: 0.019444444 | X81: 0.05 | Y81: 0.38888 | Z81: 808 | AA81: 1.76923 | AB81: 311 | AC81: 9.777777 | AD81: 17 | AE81: 64 | AF81: 51.7888 | AG81: 1.2358 | AH81: 86 | AI81: 0.2499998 | AJ81: 0.4 | AK81: 0.72222 | AL81: 804 | AM81: 11 | AN81: 13 | AO81: 0.84615385 | AP81: 0.8 | AQ81: 1.057691 | AR81: 682 | AS81: 1.25 | AT81: 1
A82: =_xlfn.XLOOKUP(Table13[[#This Row],[SAP]],'Location List'!B:B,'Location List'!G:G) -> WEST TEXAS | B82: =LEFT(Table13[[#This Row],[Sap: Loaction]],4) -> 903E | C82: =_xlfn.XLOOKUP(Table13[[#This Row],[Employee]],'Location List'!M:M,'Location List'!N:N,"",0) | D82: 10/2026 | E82: SAUL RAMIREZ(129763) | F82: 903E: Olton | G82: 2 | H82: 367 | I82: 499.55 | J82: * | K82: 52 | L82: 30 | M82: 1.7333333 | N82: 155 | O82: 14 | P82: 75 | Q82: 0.18666667 | R82: 0.19 | S82: 0.982452 | T82: 406 | U82: 2 | V82: 75 | W82: 0.026666667 | X82: 0.05 | Y82: 0.53332 | Z82: 584 | AA82: 1 | AB82: 879 | AC82: 10 | AD82: 1 | AE82: 43 | AF82: 23.7719 | AG82: 1.8089 | AH82: 8 | AI82: 0.111111 | AJ82: 0.4 | AK82: 0.277777 | AL82: 1250 | AM82: 0 | AN82: 0 | AO82: NaN | AP82: 0.8 | AQ82: 0 | AR82: 1225 | AS82: 0 | AT82: 501
A83: =_xlfn.XLOOKUP(Table13[[#This Row],[SAP]],'Location List'!B:B,'Location List'!G:G) -> SA SOUTH | B83: =LEFT(Table13[[#This Row],[Sap: Loaction]],4) -> 4723 | C83: =_xlfn.XLOOKUP(Table13[[#This Row],[Employee]],'Location List'!M:M,'Location List'!N:N,"",0) | D83: 10/2026 | E83: JASMINE HENDERSON(129689) | F83: 4723: Palo Alto | G83: 2 | H83: 369 | I83: 500.8 | J83: * | K83: 46 | L83: 40 | M83: 1.15 | N83: 517 | O83: 25 | P83: 177 | Q83: 0.14124294 | R83: 0.19 | S83: 0.743378 | T83: 719 | U83: 7 | V83: 177 | W83: 0.039548023 | X83: 0.05 | Y83: 0.79096 | Z83: 303 | AA83: 0.869565 | AB83: 1046 | AC83: 10 | AD83: 1 | AE83: 46 | AF83: 39.0538 | AG83: 1.1779 | AH83: 121 | AI83: 0.39743567 | AJ83: 0.4 | AK83: 0.993587 | AL83: 484 | AM83: 7 | AN83: 9 | AO83: 0.77777778 | AP83: 0.8 | AQ83: 0.972221 | AR83: 779 | AS83: 1.25 | AT83: 1
A84: =_xlfn.XLOOKUP(Table13[[#This Row],[SAP]],'Location List'!B:B,'Location List'!G:G) -> DFW NORTH | B84: =LEFT(Table13[[#This Row],[Sap: Loaction]],4) -> 904E | C84: =_xlfn.XLOOKUP(Table13[[#This Row],[Employee]],'Location List'!M:M,'Location List'!N:N,"",0) | D84: 10/2026 | E84: KIOME MORGAN(126213) | F84: 904E: Jefferson | G84: 2 | H84: 374 | I84: 503.7 | J84: * | K84: 58.54 | L84: 35 | M84: 1.6725714 | N84: 177 | O84: 33 | P84: 225 | Q84: 0.14666667 | R84: 0.19 | S84: 0.771926 | T84: 678 | U84: 3 | V84: 225 | W84: 0.013333333 | X84: 0.05 | Y84: 0.26666 | Z84: 1014 | AA84: 0.933333 | AB84: 985 | AC84: 10 | AD84: 1 | AE84: 41 | AF84: 37.3559 | AG84: 1.0976 | AH84: 221 | AI84: 0.611111 | AJ84: 0.4 | AK84: 1.527777 | AL84: 120 | AM84: 11 | AN84: 17 | AO84: 0.64705882 | AP84: 0.8 | AQ84: 0.808822 | AR84: 964 | AS84: 1.25 | AT84: 1
A85: =_xlfn.XLOOKUP(Table13[[#This Row],[SAP]],'Location List'!B:B,'Location List'!G:G) -> KS/OK | B85: =LEFT(Table13[[#This Row],[Sap: Loaction]],4) -> 966D | C85: =_xlfn.XLOOKUP(Table13[[#This Row],[Employee]],'Location List'!M:M,'Location List'!N:N,"",0) | D85: 10/2026 | E85: JOSHUA SEVERN(117574) | F85: 966D: Sapulpa | G85: 2 | H85: 383 | I85: 508.25 | J85: * | K85: 29.17 | L85: 40 | M85: 0.72925 | N85: 905 | O85: 35 | P85: 210 | Q85: 0.16666667 | R85: 0.19 | S85: 0.877189 | T85: 534 | U85: 9 | V85: 210 | W85: 0.042857143 | X85: 0.05 | Y85: 0.85714 | Z85: 250 | AA85: 2.833333 | AB85: 63 | AC85: 9.153846 | AD85: 55 | AE85: 39 | AF85: 54.3358 | AG85: 0.7178 | AH85: 1168 | AI85: 0.375 | AJ85: 0.4 | AK85: 0.9375 | AL85: 536 | AM85: 3 | AN85: 3 | AO85: 1 | AP85: 0.8 | AQ85: 1.25 | AR85: 1 | AS85: 1.25 | AT85: 1
A86: =_xlfn.XLOOKUP(Table13[[#This Row],[SAP]],'Location List'!B:B,'Location List'!G:G) -> MO/IA/NE | B86: =LEFT(Table13[[#This Row],[Sap: Loaction]],4) -> 3ISR | C86: =_xlfn.XLOOKUP(Table13[[#This Row],[Employee]],'Location List'!M:M,'Location List'!N:N,"",0) | D86: 10/2026 | E86: DAVID BETTGER(117960) | F86: 3ISR: Council Bluffs | G86: 2 | H86: 397 | I86: 514.65 | J86: * | K86: 79.79 | L86: 40 | M86: 1.99475 | N86: 75 | O86: 81 | P86: 368 | Q86: 0.2201087 | R86: 0.19 | S86: 1.158463 | T86: 270 | U86: 4 | V86: 368 | W86: 0.010869565 | X86: 0.05 | Y86: 0.21738 | Z86: 1087 | AA86: 0.78125 | AB86: 1122 | AC86: 9.142857 | AD86: 56 | AE86: 41 | AF86: 41.6008 | AG86: 0.9856 | AH86: 466 | AI86: 0.388034 | AJ86: 0.4 | AK86: 0.970085 | AL86: 512 | AM86: 4 | AN86: 7 | AO86: 0.57142857 | AP86: 0.8 | AQ86: 0.714285 | AR86: 1018 | AS86: 0 | AT86: 501
A87: =_xlfn.XLOOKUP(Table13[[#This Row],[SAP]],'Location List'!B:B,'Location List'!G:G) -> CENTRAL TEXAS | B87: =LEFT(Table13[[#This Row],[Sap: Loaction]],4) -> 545D | C87: =_xlfn.XLOOKUP(Table13[[#This Row],[Employee]],'Location List'!M:M,'Location List'!N:N,"",0) -> RSM | D87: 10/2026 | E87: MYTEECIA BENSON(129394) | F87: 545D: College Station | G87: 2 | H87: 415 | I87: 522.55 | J87: * | K87: 25.14 | L87: 35 | M87: 0.71828571 | N87: 912 | O87: 17 | P87: 113 | Q87: 0.15044248 | R87: 0.19 | S87: 0.7918 | T87: 652 | U87: 4 | V87: 113 | W87: 0.03539823 | X87: 0.05 | Y87: 0.70796 | Z87: 375 | AA87: 0.941176 | AB87: 975 | AC87: 10 | AD87: 1 | AE87: 24 | AF87: 24.6209 | AG87: 0.9748 | AH87: 513 | AI87: 0.41616133 | AJ87: 0.4 | AK87: 1.040402 | AL87: 432 | AM87: 9 | AN87: 9 | AO87: 1 | AP87: 0.8 | AQ87: 1.25 | AR87: 1 | AS87: 1.25 | AT87: 1
A88: =_xlfn.XLOOKUP(Table13[[#This Row],[SAP]],'Location List'!B:B,'Location List'!G:G) -> SOUTH TX/RGV | B88: =LEFT(Table13[[#This Row],[Sap: Loaction]],4) -> 536E | C88: =_xlfn.XLOOKUP(Table13[[#This Row],[Employee]],'Location List'!M:M,'Location List'!N:N,"",0) | D88: 10/2026 | E88: ANIYAH CORTEZ(128658) | F88: 536E: Beeville | G88: 2 | H88: 423 | I88: 525.2 | J88: * | K88: 39.07 | L88: 30 | M88: 1.3023333 | N88: 389 | O88: 23 | P88: 144 | Q88: 0.15972222 | R88: 0.19 | S88: 0.840642 | T88: 585 | U88: 5 | V88: 144 | W88: 0.034722222 | X88: 0.05 | Y88: 0.69444 | Z88: 391 | AA88: 0.846153 | AB88: 1068 | AC88: 5 | AD88: 151 | AE88: 19 | AF88: 25.4699 | AG88: 0.746 | AH88: 1097 | AI88: 0.5 | AJ88: 0.4 | AK88: 1.25 | AL88: 242 | AM88: 4 | AN88: 4 | AO88: 1 | AP88: 0.8 | AQ88: 1.25 | AR88: 1 | AS88: 1.25 | AT88: 1
A89: =_xlfn.XLOOKUP(Table13[[#This Row],[SAP]],'Location List'!B:B,'Location List'!G:G) -> DFW EAST | B89: =LEFT(Table13[[#This Row],[Sap: Loaction]],4) -> 6ESH | C89: =_xlfn.XLOOKUP(Table13[[#This Row],[Employee]],'Location List'!M:M,'Location List'!N:N,"",0) | D89: 10/2026 | E89: JASON RAINEY(124418) | F89: 6ESH: Chisholm Trail | G89: 2 | H89: 426 | I89: 525.8 | J89: * | K89: 58.12 | L89: 40 | M89: 1.453 | N89: 292 | O89: 62 | P89: 320 | Q89: 0.19375 | R89: 0.19 | S89: 1.019736 | T89: 366 | U89: 10 | V89: 320 | W89: 0.03125 | X89: 0.05 | Y89: 0.625 | Z89: 466 | AA89: 1.689655 | AB89: 345 | AC89: 9.222222 | AD89: 52 | AE89: 33 | AF89: 39.9028 | AG89: 0.827 | AH89: 894 | AI89: 0.125 | AJ89: 0.4 | AK89: 0.3125 | AL89: 1221 | AM89: 12 | AN89: 14 | AO89: 0.85714286 | AP89: 0.8 | AQ89: 1.071427 | AR89: 663 | AS89: 1.25 | AT89: 1
A90: =_xlfn.XLOOKUP(Table13[[#This Row],[SAP]],'Location List'!B:B,'Location List'!G:G) -> DFW EAST | B90: =LEFT(Table13[[#This Row],[Sap: Loaction]],4) -> 618E | C90: =_xlfn.XLOOKUP(Table13[[#This Row],[Employee]],'Location List'!M:M,'Location List'!N:N,"",0) | D90: 10/2026 | E90: JEREMY HUDSON(127884) | F90: 618E: Pines Road | G90: 2 | H90: 429 | I90: 527.95 | J90: * | K90: 33.27 | L90: 30 | M90: 1.109 | N90: 550 | O90: 21 | P90: 128 | Q90: 0.1640625 | R90: 0.19 | S90: 0.863484 | T90: 552 | U90: 0 | V90: 128 | W90: 0 | X90: 0.05 | Y90: 0 | Z90: 1312 | AA90: 1.75 | AB90: 317 | AC90: 2 | AD90: 160 | AE90: 34 | AF90: 32.2619 | AG90: 1.0539 | AH90: 311 | AI90: 0.6666665 | AJ90: 0.4 | AK90: 1.666665 | AL90: 77 | AM90: 4 | AN90: 7 | AO90: 0.57142857 | AP90: 0.8 | AQ90: 0.714285 | AR90: 1018 | AS90: 0 | AT90: 501
A91: =_xlfn.XLOOKUP(Table13[[#This Row],[SAP]],'Location List'!B:B,'Location List'!G:G) -> KS/OK | B91: =LEFT(Table13[[#This Row],[Sap: Loaction]],4) -> 966D | C91: =_xlfn.XLOOKUP(Table13[[#This Row],[Employee]],'Location List'!M:M,'Location List'!N:N,"",0) | D91: 10/2026 | E91: GIAN SANCHEZ(126820) | F91: 966D: Sapulpa | G91: 2 | H91: 432 | I91: 528.6 | J91: * | K91: 66.1 | L91: 40 | M91: 1.6525 | N91: 192 | O91: 65 | P91: 299 | Q91: 0.2173913 | R91: 0.19 | S91: 1.144163 | T91: 279 | U91: 5 | V91: 299 | W91: 0.016722408 | X91: 0.05 | Y91: 0.33444 | Z91: 894 | AA91: 0.852941 | AB91: 1063 | AC91: 9.571428 | AD91: 32 | AE91: 39 | AF91: 54.3358 | AG91: 0.7178 | AH91: 1168 | AI91: 0.329089 | AJ91: 0.4 | AK91: 0.822722 | AL91: 698 | AM91: 8 | AN91: 8 | AO91: 1 | AP91: 0.8 | AQ91: 1.25 | AR91: 1 | AS91: 1.25 | AT91: 1
A92: =_xlfn.XLOOKUP(Table13[[#This Row],[SAP]],'Location List'!B:B,'Location List'!G:G) -> DFW EAST | B92: =LEFT(Table13[[#This Row],[Sap: Loaction]],4) -> 0115 | C92: =_xlfn.XLOOKUP(Table13[[#This Row],[Employee]],'Location List'!M:M,'Location List'!N:N,"",0) | D92: 10/2026 | E92: VICTOR RUVALCABA(117599) | F92: 0115: Rufe Snow | G92: 2 | H92: 435 | I92: 529.15 | J92: * | K92: 64.48 | L92: 40 | M92: 1.612 | N92: 210 | O92: 32 | P92: 237 | Q92: 0.1350211 | R92: 0.19 | S92: 0.710636 | T92: 765 | U92: 9 | V92: 237 | W92: 0.037974684 | X92: 0.05 | Y92: 0.75948 | Z92: 322 | AA92: 1.482758 | AB92: 483 | AC92: 10 | AD92: 1 | AE92: 48 | AF92: 45.8458 | AG92: 1.047 | AH92: 331 | AI92: 0.24444433 | AJ92: 0.4 | AK92: 0.61111 | AL92: 919 | AP92: 0.8 | AQ92: 0 | AR92: 1225 | AS92: 0 | AT92: 501
A93: =_xlfn.XLOOKUP(Table13[[#This Row],[SAP]],'Location List'!B:B,'Location List'!G:G) -> DFW EAST | B93: =LEFT(Table13[[#This Row],[Sap: Loaction]],4) -> 0115 | C93: =_xlfn.XLOOKUP(Table13[[#This Row],[Employee]],'Location List'!M:M,'Location List'!N:N,"",0) | D93: 10/2026 | E93: DYLAN CHARLES(111755) | F93: 0115: Rufe Snow | G93: 2 | H93: 441 | I93: 531.35 | J93: * | K93: 45.05 | L93: 40 | M93: 1.12625 | N93: 540 | O93: 51 | P93: 280 | Q93: 0.18214286 | R93: 0.19 | S93: 0.958642 | T93: 436 | U93: 8 | V93: 280 | W93: 0.028571429 | X93: 0.05 | Y93: 0.57142 | Z93: 536 | AA93: 1 | AB93: 879 | AC93: 10 | AD93: 1 | AE93: 48 | AF93: 45.8458 | AG93: 1.047 | AH93: 331 | AI93: 0.39035067 | AJ93: 0.4 | AK93: 0.975875 | AL93: 494 | AP93: 0.8 | AQ93: 0 | AR93: 1225 | AS93: 0.625 | AT93: 452
A94: =_xlfn.XLOOKUP(Table13[[#This Row],[SAP]],'Location List'!B:B,'Location List'!G:G) -> DFW EAST | B94: =LEFT(Table13[[#This Row],[Sap: Loaction]],4) -> 0115 | C94: =_xlfn.XLOOKUP(Table13[[#This Row],[Employee]],'Location List'!M:M,'Location List'!N:N,"",0) | D94: 10/2026 | E94: CONNOR SCALES(128051) | F94: 0115: Rufe Snow | G94: 2 | H94: 447 | I94: 533.25 | J94: * | K94: 71.48 | L94: 40 | M94: 1.787 | N94: 140 | O94: 57 | P94: 262 | Q94: 0.21755725 | R94: 0.19 | S94: 1.145036 | T94: 277 | U94: 5 | V94: 262 | W94: 0.019083969 | X94: 0.05 | Y94: 0.38166 | Z94: 819 | AA94: 1.392857 | AB94: 551 | AC94: 0 | AD94: 162 | AE94: 48 | AF94: 45.8458 | AG94: 1.047 | AH94: 331 | AI94: 0.2260868 | AJ94: 0.4 | AK94: 0.138887 | AL94: 1315 | AM94: 0 | AN94: 0 | AO94: NaN | AP94: 0.8 | AQ94: 0 | AR94: 1225 | AS94: 0 | AT94: 501
A95: =_xlfn.XLOOKUP(Table13[[#This Row],[SAP]],'Location List'!B:B,'Location List'!G:G) -> SA/HILL COUNTRY | B95: =LEFT(Table13[[#This Row],[Sap: Loaction]],4) -> 776D | C95: =_xlfn.XLOOKUP(Table13[[#This Row],[Employee]],'Location List'!M:M,'Location List'!N:N,"",0) | D95: 10/2026 | E95: BRYAN FERDIN(125349) | F95: 776D: Thousand Oaks | G95: 2 | H95: 452 | I95: 534.55 | J95: * | K95: 33.54 | L95: 35 | M95: 0.95828571 | N95: 683 | O95: 30 | P95: 216 | Q95: 0.13888889 | R95: 0.19 | S95: 0.730989 | T95: 733 | U95: 8 | V95: 216 | W95: 0.037037037 | X95: 0.05 | Y95: 0.74074 | Z95: 337 | AA95: 1.5 | AB95: 450 | AC95: 10 | AD95: 1 | AE95: 24 | AF95: 27.1679 | AG95: 0.8834 | AH95: 752 | AI95: 0.23333333 | AJ95: 0.4 | AK95: 0.583332 | AL95: 938 | AM95: 5 | AN95: 5 | AO95: 1 | AP95: 0.8 | AQ95: 1.25 | AR95: 1 | AS95: 0 | AT95: 501
A96: =_xlfn.XLOOKUP(Table13[[#This Row],[SAP]],'Location List'!B:B,'Location List'!G:G) -> SA SOUTH | B96: =LEFT(Table13[[#This Row],[Sap: Loaction]],4) -> 1VSE | C96: =_xlfn.XLOOKUP(Table13[[#This Row],[Employee]],'Location List'!M:M,'Location List'!N:N,"",0) -> RSM | D96: 10/2026 | E96: TAYLOR PEREZ(112097) | F96: 1VSE: Valley Hi | G96: 2 | H96: 454 | I96: 534.8 | J96: * | K96: 37.73 | L96: 35 | M96: 1.078 | N96: 581 | O96: 39 | P96: 243 | Q96: 0.16049383 | R96: 0.19 | S96: 0.8447 | T96: 582 | U96: 3 | V96: 243 | W96: 0.012345679 | X96: 0.05 | Y96: 0.2469 | Z96: 1039 | AA96: 1.73913 | AB96: 328 | AC96: 9.666666 | AD96: 24 | AE96: 28 | AF96: 34.8089 | AG96: 0.8044 | AH96: 957 | AI96: 0.396825 | AJ96: 0.4 | AK96: 0.992062 | AL96: 485 | AM96: 6 | AN96: 6 | AO96: 1 | AP96: 0.8 | AQ96: 1.25 | AR96: 1 | AS96: 0.833332 | AT96: 436
A97: =_xlfn.XLOOKUP(Table13[[#This Row],[SAP]],'Location List'!B:B,'Location List'!G:G) -> DFW EAST | B97: =LEFT(Table13[[#This Row],[Sap: Loaction]],4) -> 5564 | C97: =_xlfn.XLOOKUP(Table13[[#This Row],[Employee]],'Location List'!M:M,'Location List'!N:N,"",0) | D97: 10/2026 | E97: TERRY SALAS(127444) | F97: 5564: Golden Triangle | G97: 2 | H97: 456 | I97: 534.95 | J97: * | K97: 49.6 | L97: 35 | M97: 1.4171429 | N97: 316 | O97: 39 | P97: 256 | Q97: 0.15234375 | R97: 0.19 | S97: 0.801805 | T97: 633 | U97: 8 | V97: 256 | W97: 0.03125 | X97: 0.05 | Y97: 0.625 | Z97: 466 | AA97: 2.25 | AB97: 146 | AC97: 10 | AD97: 1 | AE97: 23 | AF97: 26.3189 | AG97: 0.8739 | AH97: 777 | AI97: 0.330409 | AJ97: 0.4 | AK97: 0.826022 | AL97: 695 | AM97: 4 | AN97: 10 | AO97: 0.4 | AP97: 0.8 | AQ97: 0.5 | AR97: 1136 | AS97: 1.25 | AT97: 1
A98: =_xlfn.XLOOKUP(Table13[[#This Row],[SAP]],'Location List'!B:B,'Location List'!G:G) -> KS/OK | B98: =LEFT(Table13[[#This Row],[Sap: Loaction]],4) -> 4781 | C98: =_xlfn.XLOOKUP(Table13[[#This Row],[Employee]],'Location List'!M:M,'Location List'!N:N,"",0) | D98: 10/2026 | E98: KAHELI SCHARBROUGH(122189) | F98: 4781: Market Place | G98: 2 | H98: 459 | I98: 536.95 | J98: * | K98: 28.68 | L98: 40 | M98: 0.717 | N98: 914 | O98: 46 | P98: 128 | Q98: 0.359375 | R98: 0.19 | S98: 1.891447 | T98: 43 | U98: 4 | V98: 128 | W98: 0.03125 | X98: 0.05 | Y98: 0.625 | Z98: 466 | AA98: 1.380952 | AB98: 561 | AC98: 10 | AD98: 1 | AE98: 44 | AF98: 59.4298 | AG98: 0.7404 | AH98: 1111 | AI98: 0.0823528 | AJ98: 0.4 | AK98: 0.324072 | AL98: 1217 | AM98: 8 | AN98: 8 | AO98: 1 | AP98: 0.8 | AQ98: 1.25 | AR98: 1 | AS98: 1.25 | AT98: 1
A99: =_xlfn.XLOOKUP(Table13[[#This Row],[SAP]],'Location List'!B:B,'Location List'!G:G) -> SOUTH TX/RGV | B99: =LEFT(Table13[[#This Row],[Sap: Loaction]],4) -> 200E | C99: =_xlfn.XLOOKUP(Table13[[#This Row],[Employee]],'Location List'!M:M,'Location List'!N:N,"",0) | D99: 10/2026 | E99: JACK DANIEL(129696) | F99: 200E: Rockport | G99: 2 | H99: 460 | I99: 537.5 | J99: * | K99: 42.2 | L99: 40 | M99: 1.055 | N99: 600 | O99: 29 | P99: 168 | Q99: 0.17261905 | R99: 0.19 | S99: 0.908521 | T99: 493 | U99: 3 | V99: 168 | W99: 0.017857143 | X99: 0.05 | Y99: 0.35714 | Z99: 856 | AA99: 2.090909 | AB99: 184 | AC99: 10 | AD99: 1 | AE99: 41 | AF99: 41.6008 | AG99: 0.9856 | AH99: 466 | AI99: 0.375 | AJ99: 0.4 | AK99: 0.9375 | AL99: 536 | AM99: 1 | AN99: 6 | AO99: 0.16666667 | AP99: 0.8 | AQ99: 0.208332 | AR99: 1213 | AS99: 0 | AT99: 501
A100: =_xlfn.XLOOKUP(Table13[[#This Row],[SAP]],'Location List'!B:B,'Location List'!G:G) -> SA SOUTH | B100: =LEFT(Table13[[#This Row],[Sap: Loaction]],4) -> 1627 | C100: =_xlfn.XLOOKUP(Table13[[#This Row],[Employee]],'Location List'!M:M,'Location List'!N:N,"",0) -> RSM | D100: 10/2026 | E100: SAMUEL OLIVARRI(117748) | F100: 1627: Marbach | G100: 2 | H100: 462 | I100: 538 | J100: * | K100: 40.87 | L100: 40 | M100: 1.02175 | N100: 630 | O100: 42 | P100: 296 | Q100: 0.14189189 | R100: 0.19 | S100: 0.746794 | T100: 715 | U100: 8 | V100: 296 | W100: 0.027027027 | X100: 0.05 | Y100: 0.54054 | Z100: 576 | AA100: 1.59375 | AB100: 413 | AC100: 9.8 | AD100: 15 | AE100: 68 | AF100: 60.2788 | AG100: 1.1281 | AH100: 182 | AI100: 0.27777767 | AJ100: 0.4 | AK100: 0.694442 | AL100: 823 | AM100: 8 | AN100: 12 | AO100: 0.66666667 | AP100: 0.8 | AQ100: 0.833332 | AR100: 905 | AS100: 0 | AT100: 501
A101: =_xlfn.XLOOKUP(Table13[[#This Row],[SAP]],'Location List'!B:B,'Location List'!G:G) -> DFW NORTH | B101: =LEFT(Table13[[#This Row],[Sap: Loaction]],4) -> 256E | C101: =_xlfn.XLOOKUP(Table13[[#This Row],[Employee]],'Location List'!M:M,'Location List'!N:N,"",0) | D101: 10/2026 | E101: ETHAN MILLS(126537) | F101: 256E: Stephenville | G101: 2 | H101: 468 | I101: 540.65 | J101: * | K101: 33.16 | L101: 35 | M101: 0.94742857 | N101: 696 | O101: 28 | P101: 163 | Q101: 0.17177914 | R101: 0.19 | S101: 0.9041 | T101: 499 | U101: 7 | V101: 163 | W101: 0.042944785 | X101: 0.05 | Y101: 0.85888 | Z101: 249 | AA101: 1.208333 | AB101: 719 | AC101: 9.857142 | AD101: 12 | AE101: 36 | AF101: 33.1109 | AG101: 1.0873 | AH101: 233 | AI101: 0.25702033 | AJ101: 0.4 | AK101: 0.64255 | AL101: 878 | AM101: 1 | AN101: 3 | AO101: 0.33333333 | AP101: 0.8 | AQ101: 0.416666 | AR101: 1157 | AS101: 0 | AT101: 501
A102: =_xlfn.XLOOKUP(Table13[[#This Row],[SAP]],'Location List'!B:B,'Location List'!G:G) -> DFW NORTH | B102: =LEFT(Table13[[#This Row],[Sap: Loaction]],4) -> 211E | C102: =_xlfn.XLOOKUP(Table13[[#This Row],[Employee]],'Location List'!M:M,'Location List'!N:N,"",0) | D102: 10/2026 | E102: DIEGO MORALES(129361) | F102: 211E: Cleburne | G102: 2 | H102: 472 | I102: 541.75 | J102: * | K102: 63.18 | L102: 35 | M102: 1.8051429 | N102: 130 | O102: 43 | P102: 365 | Q102: 0.11780822 | R102: 0.19 | S102: 0.620042 | T102: 896 | U102: 3 | V102: 365 | W102: 0.0082191781 | X102: 0.05 | Y102: 0.16438 | Z102: 1179 | AA102: 1.037037 | AB102: 872 | AC102: 9.384615 | AD102: 43 | AE102: 45 | AF102: 39.0538 | AG102: 1.1523 | AH102: 161 | AI102: 0.52631533 | AJ102: 0.4 | AK102: 1.315787 | AL102: 212 | AM102: 14 | AN102: 20 | AO102: 0.7 | AP102: 0.8 | AQ102: 0.875 | AR102: 883 | AS102: 0 | AT102: 501
A103: =_xlfn.XLOOKUP(Table13[[#This Row],[SAP]],'Location List'!B:B,'Location List'!G:G) -> KS/OK | B103: =LEFT(Table13[[#This Row],[Sap: Loaction]],4) -> 407D | C103: =_xlfn.XLOOKUP(Table13[[#This Row],[Employee]],'Location List'!M:M,'Location List'!N:N,"",0) | D103: 10/2026 | E103: HUNTER SUGGS(117609) | F103: 407D: Ponca City | G103: 2 | H103: 478 | I103: 543.1 | J103: * | K103: 55.94 | L103: 40 | M103: 1.3985 | N103: 332 | O103: 42 | P103: 294 | Q103: 0.14285714 | R103: 0.19 | S103: 0.751878 | T103: 703 | U103: 10 | V103: 294 | W103: 0.034013605 | X103: 0.05 | Y103: 0.68026 | Z103: 404 | AA103: 1.032258 | AB103: 875 | AC103: 10 | AD103: 1 | AE103: 60 | AF103: 65.3727 | AG103: 0.9178 | AH103: 648 | AI103: 0.31845233 | AJ103: 0.4 | AK103: 0.79613 | AL103: 722 | AM103: 12 | AN103: 13 | AO103: 0.92307692 | AP103: 0.8 | AQ103: 1.153845 | AR103: 553 | AS103: 0 | AT103: 501
A104: =_xlfn.XLOOKUP(Table13[[#This Row],[SAP]],'Location List'!B:B,'Location List'!G:G) -> SA/HILL COUNTRY | B104: =LEFT(Table13[[#This Row],[Sap: Loaction]],4) -> 1DSW | C104: =_xlfn.XLOOKUP(Table13[[#This Row],[Employee]],'Location List'!M:M,'Location List'!N:N,"",0) -> RSM | D104: 10/2026 | E104: HARVEY DONIAS(108797) | F104: 1DSW: Kerrville | G104: 2 | H104: 485 | I104: 546 | J104: * | K104: 61.43 | L104: 40 | M104: 1.53575 | N104: 243 | O104: 58 | P104: 343 | Q104: 0.16909621 | R104: 0.19 | S104: 0.889978 | T104: 517 | U104: 20 | V104: 343 | W104: 0.058309038 | X104: 0.05 | Y104: 1.16618 | Z104: 87 | AA104: 1.906976 | AB104: 242 | AC104: 10 | AD104: 1 | AE104: 30 | AF104: 45.8458 | AG104: 0.6544 | AH104: 1271 | AI104: 0.2 | AJ104: 0.4 | AK104: 0.5 | AL104: 1029 | AM104: 10 | AN104: 13 | AO104: 0.76923077 | AP104: 0.8 | AQ104: 0.961537 | AR104: 796 | AS104: 0 | AT104: 501
A105: =_xlfn.XLOOKUP(Table13[[#This Row],[SAP]],'Location List'!B:B,'Location List'!G:G) -> SOUTH TX/RGV | B105: =LEFT(Table13[[#This Row],[Sap: Loaction]],4) -> 536E | C105: =_xlfn.XLOOKUP(Table13[[#This Row],[Employee]],'Location List'!M:M,'Location List'!N:N,"",0) | D105: 10/2026 | E105: CRISTIN FUENTES(129350) | F105: 536E: Beeville | G105: 2 | H105: 489 | I105: 547.1 | J105: * | K105: 41.67 | L105: 30 | M105: 1.389 | N105: 339 | O105: 41 | P105: 113 | Q105: 0.36283186 | R105: 0.19 | S105: 1.909636 | T105: 40 | U105: 1 | V105: 113 | W105: 0.0088495575 | X105: 0.05 | Y105: 0.17698 | Z105: 1160 | AA105: 0.571428 | AB105: 1288 | AC105: 8.727272 | AD105: 78 | AE105: 19 | AF105: 25.4699 | AG105: 0.746 | AH105: 1097 | AI105: 0.349206 | AJ105: 0.4 | AK105: 0.808822 | AL105: 710 | AM105: 12 | AN105: 12 | AO105: 1 | AP105: 0.8 | AQ105: 1.25 | AR105: 1 | AS105: 0 | AT105: 501
A106: =_xlfn.XLOOKUP(Table13[[#This Row],[SAP]],'Location List'!B:B,'Location List'!G:G) -> SA SOUTH | B106: =LEFT(Table13[[#This Row],[Sap: Loaction]],4) -> 584D | C106: =_xlfn.XLOOKUP(Table13[[#This Row],[Employee]],'Location List'!M:M,'Location List'!N:N,"",0) | D106: 10/2026 | E106: PAULINA ALANIZ(126198) | F106: 584D: Uvalde | G106: 2 | H106: 494 | I106: 548.35 | J106: * | K106: 40.58 | L106: 35 | M106: 1.1594286 | N106: 510 | O106: 29 | P106: 175 | Q106: 0.16571429 | R106: 0.19 | S106: 0.872178 | T106: 547 | U106: 2 | V106: 175 | W106: 0.011428571 | X106: 0.05 | Y106: 0.22856 | Z106: 1070 | AA106: 1.6 | AB106: 400 | AC106: 10 | AD106: 1 | AE106: 54 | AF106: 45.8458 | AG106: 1.1779 | AH106: 121 | AI106: 0.29166667 | AJ106: 0.4 | AK106: 0.729165 | AL106: 791 | AM106: 2 | AN106: 7 | AO106: 0.28571429 | AP106: 0.8 | AQ106: 0.357142 | AR106: 1181 | AS106: 1.25 | AT106: 1
... A142: =_xlfn.XLOOKUP(Table13[[#This Row],[SAP]],'Location List'!B:B,'Location List'!G:G) -> SOUTH TX/RGV | B142: =LEFT(Table13[[#This Row],[Sap: Loaction]],4) -> 2584 | C142: =_xlfn.XLOOKUP(Table13[[#This Row],[Employee]],'Location List'!M:M,'Location List'!N:N,"",0) | D142: 10/2026 | E142: JOCELYN RODRIGUEZ(126329) | F142: 2584: North Conway | G142: 3 | H142: 607 | I142: 591.75 | J142: * | K142: 44.87 | L142: 40 | M142: 1.12175 | N142: 546 | O142: 34 | P142: 352 | Q142: 0.096590909 | R142: 0.19 | S142: 0.508368 | T142: 1049 | U142: 11 | V142: 352 | W142: 0.03125 | X142: 0.05 | Y142: 0.625 | Z142: 466 | AA142: 0.866666 | AB142: 1048 | AC142: 9.9 | AD142: 7 | AE142: 67 | AF142: 52.6378 | AG142: 1.2728 | AH142: 65 | AI142: 0.28869033 | AJ142: 0.4 | AK142: 0.721725 | AL142: 808 | AM142: 10 | AN142: 11 | AO142: 0.90909091 | AP142: 0.8 | AQ142: 1.136362 | AR142: 574 | AS142: 0.46875 | AT142: 478
A143: =_xlfn.XLOOKUP(Table13[[#This Row],[SAP]],'Location List'!B:B,'Location List'!G:G) -> MO/IA/NE | B143: =LEFT(Table13[[#This Row],[Sap: Loaction]],4) -> 4BSI | C143: =_xlfn.XLOOKUP(Table13[[#This Row],[Employee]],'Location List'!M:M,'Location List'!N:N,"",0) | D143: 10/2026 | E143: CHRISTAIN CARTER(128939) | F143: 4BSI: 180th Street | G143: 3 | H143: 617 | I143: 595.75 | J143: * | K143: 7.17 | L143: 30 | M143: 0.239 | N143: 1233 | O143: 6 | P143: 46 | Q143: 0.13043478 | R143: 0.19 | S143: 0.686494 | T143: 801 | U143: 1 | V143: 46 | W143: 0.02173913 | X143: 0.05 | Y143: 0.43478 | Z143: 742 | AA143: 4.5 | AB143: 12 | AC143: 0 | AD143: 162 | AE143: 21 | AF143: 16.9799 | AG143: 1.2368 | AH143: 82 | AI143: 0.5 | AJ143: 0.4 | AK143: 1.25 | AL143: 242 | AM143: 0 | AN143: 0 | AO143: NaN | AP143: 0.8 | AQ143: 0 | AR143: 1225 | AS143: 1.25 | AT143: 1
A144: =_xlfn.XLOOKUP(Table13[[#This Row],[SAP]],'Location List'!B:B,'Location List'!G:G) -> CENTRAL TEXAS | B144: =LEFT(Table13[[#This Row],[Sap: Loaction]],4) -> 1FSH | C144: =_xlfn.XLOOKUP(Table13[[#This Row],[Employee]],'Location List'!M:M,'Location List'!N:N,"",0) | D144: 10/2026 | E144: ALLEGRA GARCIA(120636) | F144: 1FSH: Manor | G144: 3 | H144: 618 | I144: 596.1 | J144: * | K144: 19.46 | L144: 40 | M144: 0.4865 | N144: 1098 | O144: 35 | P144: 119 | Q144: 0.29411765 | R144: 0.19 | S144: 1.547984 | T144: 97 | U144: 4 | V144: 119 | W144: 0.033613445 | X144: 0.05 | Y144: 0.67226 | Z144: 412 | AA144: 0 | AB144: 1405 | AC144: 6.333333 | AD144: 141 | AE144: 64 | AF144: 51.7888 | AG144: 1.2358 | AH144: 86 | AJ144: 0.4 | AK144: 0 | AL144: 1340 | AM144: 10 | AN144: 12 | AO144: 0.83333333 | AP144: 0.8 | AQ144: 1.041666 | AR144: 693 | AS144: 1.25 | AT144: 1
A145: =_xlfn.XLOOKUP(Table13[[#This Row],[SAP]],'Location List'!B:B,'Location List'!G:G) -> DFW EAST | B145: =LEFT(Table13[[#This Row],[Sap: Loaction]],4) -> 618E | C145: =_xlfn.XLOOKUP(Table13[[#This Row],[Employee]],'Location List'!M:M,'Location List'!N:N,"",0) -> RSM | D145: 10/2026 | E145: CHARMAINE NEWTON(126184) | F145: 618E: Pines Road | G145: 3 | H145: 622 | I145: 597.5 | J145: * | K145: 29.17 | L145: 30 | M145: 0.97233333 | N145: 671 | O145: 27 | P145: 105 | Q145: 0.25714286 | R145: 0.19 | S145: 1.353378 | T145: 156 | U145: 0 | V145: 105 | W145: 0 | X145: 0.05 | Y145: 0 | Z145: 1312 | AA145: 0.923076 | AB145: 997 | AC145: 10 | AD145: 1 | AE145: 34 | AF145: 32.2619 | AG145: 1.0539 | AH145: 311 | AI145: 0.3181815 | AJ145: 0.4 | AK145: 0.795452 | AL145: 723 | AM145: 5 | AN145: 15 | AO145: 0.33333333 | AP145: 0.8 | AQ145: 0.416666 | AR145: 1157 | AS145: 1.25 | AT145: 1
A146: =_xlfn.XLOOKUP(Table13[[#This Row],[SAP]],'Location List'!B:B,'Location List'!G:G) -> DFW EAST | B146: =LEFT(Table13[[#This Row],[Sap: Loaction]],4) -> 875E | C146: =_xlfn.XLOOKUP(Table13[[#This Row],[Employee]],'Location List'!M:M,'Location List'!N:N,"",0) | D146: 10/2026 | E146: MICHAEL HENGER(128777) | F146: 875E: Custer | G146: 3 | H146: 625 | I146: 599.25 | J146: * | K146: 34.09 | L146: 35 | M146: 0.974 | N146: 667 | O146: 30 | P146: 185 | Q146: 0.16216216 | R146: 0.19 | S146: 0.853484 | T146: 563 | U146: 4 | V146: 185 | W146: 0.021621622 | X146: 0.05 | Y146: 0.43242 | Z146: 753 | AA146: 1.611111 | AB146: 394 | AC146: 10 | AD146: 1 | AE146: 17 | AF146: 27.1679 | AG146: 0.6257 | AH146: 1312 | AI146: 0.45833325 | AJ146: 0.4 | AK146: 0.7702 | AL146: 749 | AM146: 8 | AN146: 8 | AO146: 1 | AP146: 0.8 | AQ146: 1.25 | AR146: 1 | AS146: 1.25 | AT146: 1
A147: =_xlfn.XLOOKUP(Table13[[#This Row],[SAP]],'Location List'!B:B,'Location List'!G:G) -> KS/OK | B147: =LEFT(Table13[[#This Row],[Sap: Loaction]],4) -> 990F | C147: =_xlfn.XLOOKUP(Table13[[#This Row],[Employee]],'Location List'!M:M,'Location List'!N:N,"",0) | D147: 10/2026 | E147: KALI DOOLEY(130049) | F147: 990F: Wrangler | G147: 3 | H147: 627 | I147: 600.05 | J147: * | K147: 35.56 | L147: 40 | M147: 0.889 | N147: 756 | O147: 36 | P147: 198 | Q147: 0.18181818 | R147: 0.19 | S147: 0.956936 | T147: 437 | U147: 1 | V147: 198 | W147: 0.0050505051 | X147: 0.05 | Y147: 0.101 | Z147: 1270 | AA147: 1.25 | AB147: 676 | AC147: 9.8 | AD147: 15 | AE147: 38 | AF147: 49.2418 | AG147: 0.7717 | AH147: 1041 | AI147: 0.4 | AJ147: 0.4 | AK147: 1 | AL147: 469 | AM147: 2 | AN147: 2 | AO147: 1 | AP147: 0.8 | AQ147: 1.25 | AR147: 1 | AS147: 0 | AT147: 501
A148: =_xlfn.XLOOKUP(Table13[[#This Row],[SAP]],'Location List'!B:B,'Location List'!G:G) -> DFW NORTH | B148: =LEFT(Table13[[#This Row],[Sap: Loaction]],4) -> 211E | C148: =_xlfn.XLOOKUP(Table13[[#This Row],[Employee]],'Location List'!M:M,'Location List'!N:N,"",0) -> RSM | D148: 10/2026 | E148: KASSIDY JEFFERSON(126219) | F148: 211E: Cleburne | G148: 3 | H148: 632 | I148: 601.85 | J148: * | K148: 23 | L148: 35 | M148: 0.65714286 | N148: 974 | O148: 16 | P148: 312 | Q148: 0.051282051 | R148: 0.19 | S148: 0.269905 | T148: 1255 | U148: 8 | V148: 312 | W148: 0.025641026 | X148: 0.05 | Y148: 0.51282 | Z148: 610 | AA148: 1.388888 | AB148: 553 | AC148: 8.5 | AD148: 87 | AE148: 45 | AF148: 39.0538 | AG148: 1.1523 | AH148: 161 | AI148: 0.36666633 | AJ148: 0.4 | AK148: 0.916665 | AL148: 555 | AM148: 6 | AN148: 6 | AO148: 1 | AP148: 0.8 | AQ148: 1.25 | AR148: 1 | AS148: 0 | AT148: 501
A149: =_xlfn.XLOOKUP(Table13[[#This Row],[SAP]],'Location List'!B:B,'Location List'!G:G) -> MO/IA/NE | B149: =LEFT(Table13[[#This Row],[Sap: Loaction]],4) -> 4ASP | C149: =_xlfn.XLOOKUP(Table13[[#This Row],[Employee]],'Location List'!M:M,'Location List'!N:N,"",0) | D149: 10/2026 | E149: CARMEN ANDERSON(123750) | F149: 4ASP: Rolla | G149: 3 | H149: 636 | I149: 603.5 | J149: * | K149: 36.65 | L149: 40 | M149: 0.91625 | N149: 725 | O149: 28 | P149: 202 | Q149: 0.13861386 | R149: 0.19 | S149: 0.729542 | T149: 738 | U149: 12 | V149: 202 | W149: 0.059405941 | X149: 0.05 | Y149: 1.1881 | Z149: 76 | AA149: 0.72 | AB149: 1168 | AC149: 10 | AD149: 1 | AE149: 44 | AF149: 57.7318 | AG149: 0.7621 | AH149: 1063 | AI149: 0.33928567 | AJ149: 0.4 | AK149: 0.848212 | AL149: 631 | AM149: 8 | AN149: 8 | AO149: 1 | AP149: 0.8 | AQ149: 1.25 | AR149: 1 | AS149: 0 | AT149: 501
A150: =_xlfn.XLOOKUP(Table13[[#This Row],[SAP]],'Location List'!B:B,'Location List'!G:G) -> KS/OK | B150: =LEFT(Table13[[#This Row],[Sap: Loaction]],4) -> 990F | C150: =_xlfn.XLOOKUP(Table13[[#This Row],[Employee]],'Location List'!M:M,'Location List'!N:N,"",0) | D150: 10/2026 | E150: SETH WALKER(126796) | F150: 990F: Wrangler | G150: 3 | H150: 641 | I150: 605.8 | J150: * | K150: 21.81 | L150: 40 | M150: 0.54525 | N150: 1067 | O150: 24 | P150: 96 | Q150: 0.25 | R150: 0.19 | S150: 1.315789 | T150: 172 | U150: 0 | V150: 96 | W150: 0 | X150: 0.05 | Y150: 0 | Z150: 1312 | AA150: 2 | AB150: 209 | AC150: 10 | AD150: 1 | AE150: 38 | AF150: 49.2418 | AG150: 0.7717 | AH150: 1041 | AI150: 0.2 | AJ150: 0.4 | AK150: 0.5 | AL150: 1029 | AM150: 3 | AN150: 3 | AO150: 1 | AP150: 0.8 | AQ150: 1.25 | AR150: 1 | AS150: 0 | AT150: 501
A151: =_xlfn.XLOOKUP(Table13[[#This Row],[SAP]],'Location List'!B:B,'Location List'!G:G) -> MO/IA/NE | B151: =LEFT(Table13[[#This Row],[Sap: Loaction]],4) -> 4BSP | C151: =_xlfn.XLOOKUP(Table13[[#This Row],[Employee]],'Location List'!M:M,'Location List'!N:N,"",0) | D151: 10/2026 | E151: SIANA HERNANDEZ-LANGO(124572) | F151: 4BSP: King Lane | G151: 3 | H151: 651 | I151: 611.2 | J151: * | K151: 35.78 | L151: 30 | M151: 1.1926667 | N151: 479 | O151: 34 | P151: 188 | Q151: 0.18085106 | R151: 0.19 | S151: 0.951847 | T151: 445 | U151: 8 | V151: 188 | W151: 0.042553191 | X151: 0.05 | Y151: 0.85106 | Z151: 254 | AA151: 0.846153 | AB151: 1068 | AC151: 10 | AD151: 1 | AE151: 10 | AF151: 22.0739 | AG151: 0.453 | AH151: 1437 | AI151: 0.20392133 | AJ151: 0.4 | AK151: 0.509802 | AL151: 1024 | AM151: 13 | AN151: 13 | AO151: 1 | AP151: 0.8 | AQ151: 1.25 | AR151: 1 | AS151: 1.25 | AT151: 1
A152: =_xlfn.XLOOKUP(Table13[[#This Row],[SAP]],'Location List'!B:B,'Location List'!G:G) -> KS/OK | B152: =LEFT(Table13[[#This Row],[Sap: Loaction]],4) -> 4DSC | C152: =_xlfn.XLOOKUP(Table13[[#This Row],[Employee]],'Location List'!M:M,'Location List'!N:N,"",0) | D152: 10/2026 | E152: MADYSON STOUT(114805) | F152: 4DSC: Mustang | G152: 3 | H152: 653 | I152: 612.3 | J152: * | K152: 36.05 | L152: 35 | M152: 1.03 | N152: 622 | O152: 40 | P152: 238 | Q152: 0.16806723 | R152: 0.19 | S152: 0.884563 | T152: 523 | U152: 8 | V152: 238 | W152: 0.033613445 | X152: 0.05 | Y152: 0.67226 | Z152: 412 | AA152: 1.111111 | AB152: 801 | AC152: 8.333333 | AD152: 93 | AE152: 16 | AF152: 33.1109 | AG152: 0.4832 | AH152: 1424 | AI152: 0.32828233 | AJ152: 0.4 | AK152: 0.820705 | AL152: 701 | AM152: 1 | AN152: 1 | AO152: 1 | AP152: 0.8 | AQ152: 1.25 | AR152: 1 | AS152: 1.25 | AT152: 1
A153: =_xlfn.XLOOKUP(Table13[[#This Row],[SAP]],'Location List'!B:B,'Location List'!G:G) -> DFW EAST | B153: =LEFT(Table13[[#This Row],[Sap: Loaction]],4) -> 2536 | C153: =_xlfn.XLOOKUP(Table13[[#This Row],[Employee]],'Location List'!M:M,'Location List'!N:N,"",0) | D153: 10/2026 | E153: KRISSIA MEDRANO(128817) | F153: 2536: Cooper Street | G153: 3 | H153: 654 | I153: 612.9 | J153: * | K153: 40.73 | L153: 40 | M153: 1.01825 | N153: 633 | O153: 60 | P153: 300 | Q153: 0.2 | R153: 0.19 | S153: 1.052631 | T153: 338 | U153: 2 | V153: 300 | W153: 0.0066666667 | X153: 0.05 | Y153: 0.13332 | Z153: 1229 | AA153: 1.75 | AB153: 317 | AC153: 10 | AD153: 1 | AE153: 67 | AF153: 73.8627 | AG153: 0.9071 | AH153: 677 | AI153: 0.18162367 | AJ153: 0.4 | AK153: 0.454057 | AL153: 1093 | AM153: 8 | AN153: 11 | AO153: 0.72727273 | AP153: 0.8 | AQ153: 0.90909 | AR153: 848 | AS153: 0 | AT153: 501
A154: =_xlfn.XLOOKUP(Table13[[#This Row],[SAP]],'Location List'!B:B,'Location List'!G:G) -> CENTRAL TEXAS | B154: =LEFT(Table13[[#This Row],[Sap: Loaction]],4) -> 1DSU | C154: =_xlfn.XLOOKUP(Table13[[#This Row],[Employee]],'Location List'!M:M,'Location List'!N:N,"",0) | D154: 10/2026 | E154: ROWAN MARTIN(127847) | F154: 1DSU: Bryan | G154: 3 | H154: 658 | I154: 613.85 | J154: * | K154: 47.63 | L154: 40 | M154: 1.19075 | N154: 483 | O154: 21 | P154: 229 | Q154: 0.091703057 | R154: 0.19 | S154: 0.482647 | T154: 1076 | U154: 9 | V154: 229 | W154: 0.03930131 | X154: 0.05 | Y154: 0.78602 | Z154: 307 | AA154: 1.809523 | AB154: 291 | AC154: 10 | AD154: 1 | AE154: 38 | AF154: 45.8458 | AG154: 0.8289 | AH154: 890 | AI154: 0.377289 | AJ154: 0.4 | AK154: 0.943222 | AL154: 532 | AM154: 10 | AN154: 13 | AO154: 0.76923077 | AP154: 0.8 | AQ154: 0.961537 | AR154: 796 | AS154: 0 | AT154: 501
A155: =_xlfn.XLOOKUP(Table13[[#This Row],[SAP]],'Location List'!B:B,'Location List'!G:G) -> DFW NORTH | B155: =LEFT(Table13[[#This Row],[Sap: Loaction]],4) -> 465D | C155: =_xlfn.XLOOKUP(Table13[[#This Row],[Employee]],'Location List'!M:M,'Location List'!N:N,"",0) | D155: 10/2026 | E155: ROXANA RIVERA(127807) | F155: 465D: Stonebrook | G155: 3 | H155: 658 | I155: 613.85 | J155: * | K155: 59.46 | L155: 40 | M155: 1.4865 | N155: 271 | O155: 22 | P155: 85 | Q155: 0.25882353 | R155: 0.19 | S155: 1.362226 | T155: 152 | U155: 8 | V155: 85 | W155: 0.094117647 | X155: 0.05 | Y155: 1.88234 | Z155: 9 | AA155: 0.714285 | AB155: 1171 | AC155: 8.75 | AD155: 77 | AE155: 17 | AF155: 28.0169 | AG155: 0.6068 | AH155: 1338 | AI155: 0.16666667 | AJ155: 0.4 | AK155: 0.416665 | AL155: 1114 | AM155: 1 | AN155: 2 | AO155: 0.5 | AP155: 0.8 | AQ155: 0.625 | AR155: 1050 | AS155: 1.25 | AT155: 1
A156: =_xlfn.XLOOKUP(Table13[[#This Row],[SAP]],'Location List'!B:B,'Location List'!G:G) -> MO/IA/NE | B156: =LEFT(Table13[[#This Row],[Sap: Loaction]],4) -> 4ASP | C156: =_xlfn.XLOOKUP(Table13[[#This Row],[Employee]],'Location List'!M:M,'Location List'!N:N,"",0) | D156: 10/2026 | E156: JAELYNN WALKER(129709) | F156: 4ASP: Rolla | G156: 3 | H156: 665 | I156: 617.5 | J156: * | K156: 59.81 | L156: 40 | M156: 1.49525 | N156: 265 | O156: 31 | P156: 188 | Q156: 0.16489362 | R156: 0.19 | S156: 0.867857 | T156: 550 | U156: 10 | V156: 188 | W156: 0.053191489 | X156: 0.05 | Y156: 1.06382 | Z156: 136 | AA156: 0.72 | AB156: 1168 | AC156: 8.5 | AD156: 87 | AE156: 44 | AF156: 57.7318 | AG156: 0.7621 | AH156: 1063 | AI156: 0.28846133 | AJ156: 0.4 | AK156: 0.721152 | AL156: 809 | AM156: 7 | AN156: 10 | AO156: 0.7 | AP156: 0.8 | AQ156: 0.875 | AR156: 883 | AS156: 1.25 | AT156: 1
... A192: =_xlfn.XLOOKUP(Table13[[#This Row],[SAP]],'Location List'!B:B,'Location List'!G:G) -> SA SOUTH | B192: =LEFT(Table13[[#This Row],[Sap: Loaction]],4) -> 5441 | C192: =_xlfn.XLOOKUP(Table13[[#This Row],[Employee]],'Location List'!M:M,'Location List'!N:N,"",0) | D192: 10/2026 | E192: SABRINA BARRIENTOS(126245) | F192: 5441: South Bibb | G192: 3 | H192: 795 | I192: 668.65 | J192: * | K192: 38.13 | L192: 40 | M192: 0.95325 | N192: 690 | O192: 25 | P192: 468 | Q192: 0.053418803 | R192: 0.19 | S192: 0.281147 | T192: 1248 | U192: 12 | V192: 468 | W192: 0.025641026 | X192: 0.05 | Y192: 0.51282 | Z192: 610 | AA192: 1.647058 | AB192: 370 | AC192: 7.166666 | AD192: 129 | AE192: 49 | AF192: 46.6948 | AG192: 1.0494 | AH192: 325 | AI192: 0.45833333 | AJ192: 0.4 | AK192: 1.145832 | AL192: 334 | AM192: 0 | AN192: 1 | AO192: 0 | AP192: 0.8 | AQ192: 0 | AR192: 1225 | AS192: 0 | AT192: 501
A193: =_xlfn.XLOOKUP(Table13[[#This Row],[SAP]],'Location List'!B:B,'Location List'!G:G) -> SA/HILL COUNTRY | B193: =LEFT(Table13[[#This Row],[Sap: Loaction]],4) -> 776D | C193: =_xlfn.XLOOKUP(Table13[[#This Row],[Employee]],'Location List'!M:M,'Location List'!N:N,"",0) | D193: 10/2026 | E193: ABDIEL SANCHEZ(129645) | F193: 776D: Thousand Oaks | G193: 3 | H193: 796 | I193: 668.8 | J193: * | K193: 41.72 | L193: 35 | M193: 1.192 | N193: 482 | O193: 18 | P193: 158 | Q193: 0.11392405 | R193: 0.19 | S193: 0.5996 | T193: 929 | U193: 13 | V193: 158 | W193: 0.082278481 | X193: 0.05 | Y193: 1.64556 | Z193: 22 | AA193: 0.9 | AB193: 1008 | AC193: 8.6 | AD193: 84 | AE193: 24 | AF193: 27.1679 | AG193: 0.8834 | AH193: 752 | AI193: 0.333333 | AJ193: 0.4 | AK193: 0.833332 | AL193: 640 | AM193: 0 | AN193: 0 | AO193: NaN | AP193: 0.8 | AQ193: 0 | AR193: 1225 | AS193: 0.3125 | AT193: 492
A194: =_xlfn.XLOOKUP(Table13[[#This Row],[SAP]],'Location List'!B:B,'Location List'!G:G) -> KS/OK | B194: =LEFT(Table13[[#This Row],[Sap: Loaction]],4) -> 4789 | C194: =_xlfn.XLOOKUP(Table13[[#This Row],[Employee]],'Location List'!M:M,'Location List'!N:N,"",0) | D194: 10/2026 | E194: BLAKE CODINA(119464) | F194: 4789: Owen Garriott | G194: 3 | H194: 797 | I194: 669.15 | J194: * | K194: 19.48 | L194: 40 | M194: 0.487 | N194: 1097 | O194: 44 | P194: 164 | Q194: 0.26829268 | R194: 0.19 | S194: 1.412063 | T194: 137 | U194: 2 | V194: 164 | W194: 0.012195122 | X194: 0.05 | Y194: 0.2439 | Z194: 1044 | AA194: 1.0625 | AB194: 853 | AC194: 9.5 | AD194: 37 | AE194: 51 | AF194: 69.6177 | AG194: 0.7326 | AH194: 1138 | AI194: 0.56410233 | AJ194: 0.4 | AK194: 1.410255 | AL194: 163 | AM194: 7 | AN194: 11 | AO194: 0.63636364 | AP194: 0.8 | AQ194: 0.795453 | AR194: 968 | AS194: 1.25 | AT194: 1
A195: =_xlfn.XLOOKUP(Table13[[#This Row],[SAP]],'Location List'!B:B,'Location List'!G:G) -> DFW EAST | B195: =LEFT(Table13[[#This Row],[Sap: Loaction]],4) -> 1357 | C195: =_xlfn.XLOOKUP(Table13[[#This Row],[Employee]],'Location List'!M:M,'Location List'!N:N,"",0) | D195: 10/2026 | E195: ABEL JURADO(123444) | F195: 1357: Richardson TX | G195: 3 | H195: 800 | I195: 670.65 | J195: * | K195: 40.53 | L195: 40 | M195: 1.01325 | N195: 635 | O195: 44 | P195: 364 | Q195: 0.12087912 | R195: 0.19 | S195: 0.636205 | T195: 866 | U195: 12 | V195: 364 | W195: 0.032967033 | X195: 0.05 | Y195: 0.65934 | Z195: 427 | AA195: 1.791666 | AB195: 302 | AC195: 10 | AD195: 1 | AE195: 56 | AF195: 61.1278 | AG195: 0.9161 | AH195: 654 | AI195: 0.141414 | AJ195: 0.4 | AK195: 0.353535 | AL195: 1195 | AM195: 4 | AN195: 9 | AO195: 0.44444444 | AP195: 0.8 | AQ195: 0.555555 | AR195: 1116 | AS195: 0.625 | AT195: 452
A196: =_xlfn.XLOOKUP(Table13[[#This Row],[SAP]],'Location List'!B:B,'Location List'!G:G) -> SA SOUTH | B196: =LEFT(Table13[[#This Row],[Sap: Loaction]],4) -> 1DSZ | C196: =_xlfn.XLOOKUP(Table13[[#This Row],[Employee]],'Location List'!M:M,'Location List'!N:N,"",0) -> RSM | D196: 10/2026 | E196: LEE GARCIA(118471) | F196: 1DSZ: HEB-Lytle | G196: 3 | H196: 801 | I196: 670.95 | J196: * | K196: 23.61 | L196: 35 | M196: 0.67457143 | N196: 960 | O196: 16 | P196: 236 | Q196: 0.06779661 | R196: 0.19 | S196: 0.356821 | T196: 1194 | U196: 4 | V196: 236 | W196: 0.016949153 | X196: 0.05 | Y196: 0.33898 | Z196: 883 | AA196: 1.722222 | AB196: 332 | AC196: 10 | AD196: 1 | AE196: 35 | AF196: 37.3559 | AG196: 0.9369 | AH196: 597 | AI196: 0.30303 | AJ196: 0.4 | AK196: 0.757575 | AL196: 769 | AM196: 9 | AN196: 9 | AO196: 1 | AP196: 0.8 | AQ196: 1.25 | AR196: 1 | AS196: 0 | AT196: 501
A197: =_xlfn.XLOOKUP(Table13[[#This Row],[SAP]],'Location List'!B:B,'Location List'!G:G) -> KS/OK | B197: =LEFT(Table13[[#This Row],[Sap: Loaction]],4) -> 4781 | C197: =_xlfn.XLOOKUP(Table13[[#This Row],[Employee]],'Location List'!M:M,'Location List'!N:N,"",0) | D197: 10/2026 | E197: ANTHONY WHALEY(126400) | F197: 4781: Market Place | G197: 3 | H197: 803 | I197: 671.5 | J197: * | K197: 29.04 | L197: 40 | M197: 0.726 | N197: 907 | O197: 36 | P197: 138 | Q197: 0.26086957 | R197: 0.19 | S197: 1.372994 | T197: 146 | U197: 3 | V197: 138 | W197: 0.02173913 | X197: 0.05 | Y197: 0.43478 | Z197: 742 | AA197: 0.538461 | AB197: 1311 | AC197: 6.666666 | AD197: 137 | AE197: 44 | AF197: 59.4298 | AG197: 0.7404 | AH197: 1111 | AI197: 0.133333 | AJ197: 0.4 | AK197: 0.333332 | AL197: 1205 | AM197: 13 | AN197: 13 | AO197: 1 | AP197: 0.8 | AQ197: 1.25 | AR197: 1 | AS197: 0 | AT197: 501
A198: =_xlfn.XLOOKUP(Table13[[#This Row],[SAP]],'Location List'!B:B,'Location List'!G:G) -> CENTRAL TEXAS | B198: =LEFT(Table13[[#This Row],[Sap: Loaction]],4) -> 1FSI | C198: =_xlfn.XLOOKUP(Table13[[#This Row],[Employee]],'Location List'!M:M,'Location List'!N:N,"",0) -> RSM | D198: 10/2026 | E198: CHRISTOPHER SELLE(124211) | F198: 1FSI: Marble Falls | G198: 3 | H198: 805 | I198: 672.55 | J198: * | K198: 31.71 | L198: 35 | M198: 0.906 | N198: 733 | O198: 24 | P198: 264 | Q198: 0.090909091 | R198: 0.19 | S198: 0.478468 | T198: 1079 | U198: 13 | V198: 264 | W198: 0.049242424 | X198: 0.05 | Y198: 0.98484 | Z198: 182 | AA198: 0.95 | AB198: 961 | AC198: 10 | AD198: 1 | AE198: 30 | AF198: 34.8089 | AG198: 0.8618 | AH198: 810 | AI198: 0.41904733 | AJ198: 0.4 | AK198: 1.047617 | AL198: 416 | AM198: 5 | AN198: 6 | AO198: 0.83333333 | AP198: 0.8 | AQ198: 1.041666 | AR198: 693 | AS198: 1.25 | AT198: 1
A199: =_xlfn.XLOOKUP(Table13[[#This Row],[SAP]],'Location List'!B:B,'Location List'!G:G) -> DFW NORTH | B199: =LEFT(Table13[[#This Row],[Sap: Loaction]],4) -> 211E | C199: =_xlfn.XLOOKUP(Table13[[#This Row],[Employee]],'Location List'!M:M,'Location List'!N:N,"",0) | D199: 10/2026 | E199: KYLE TALLEY(129269) | F199: 211E: Cleburne | G199: 3 | H199: 807 | I199: 673.35 | J199: * | K199: 53.1 | L199: 35 | M199: 1.5171429 | N199: 254 | O199: 29 | P199: 363 | Q199: 0.079889807 | R199: 0.19 | S199: 0.420468 | T199: 1148 | U199: 13 | V199: 363 | W199: 0.035812672 | X199: 0.05 | Y199: 0.71624 | Z199: 364 | AA199: 0.558823 | AB199: 1298 | AC199: 9.714285 | AD199: 21 | AE199: 45 | AF199: 39.0538 | AG199: 1.1523 | AH199: 161 | AI199: 0.216931 | AJ199: 0.4 | AK199: 0.542327 | AL199: 996 | AM199: 4 | AN199: 10 | AO199: 0.4 | AP199: 0.8 | AQ199: 0.5 | AR199: 1136 | AS199: 0.625 | AT199: 452
A200: =_xlfn.XLOOKUP(Table13[[#This Row],[SAP]],'Location List'!B:B,'Location List'!G:G) -> CENTRAL TEXAS | B200: =LEFT(Table13[[#This Row],[Sap: Loaction]],4) -> 1FSI | C200: =_xlfn.XLOOKUP(Table13[[#This Row],[Employee]],'Location List'!M:M,'Location List'!N:N,"",0) | D200: 10/2026 | E200: TYLER DOFFING(116157) | F200: 1FSI: Marble Falls | G200: 3 | H200: 807 | I200: 673.35 | J200: * | K200: 35.31 | L200: 35 | M200: 1.0088571 | N200: 639 | O200: 19 | P200: 153 | Q200: 0.12418301 | R200: 0.19 | S200: 0.653594 | T200: 844 | U200: 8 | V200: 153 | W200: 0.052287582 | X200: 0.05 | Y200: 1.04574 | Z200: 144 | AA200: 1.75 | AB200: 317 | AC200: 8.75 | AD200: 77 | AE200: 30 | AF200: 34.8089 | AG200: 0.8618 | AH200: 810 | AI200: 0.097222 | AJ200: 0.4 | AK200: 0.243055 | AL200: 1284 | AM200: 4 | AN200: 8 | AO200: 0.5 | AP200: 0.8 | AQ200: 0.625 | AR200: 1050 | AS200: 1.25 | AT200: 1
A201: =_xlfn.XLOOKUP(Table13[[#This Row],[SAP]],'Location List'!B:B,'Location List'!G:G) -> SA SOUTH | B201: =LEFT(Table13[[#This Row],[Sap: Loaction]],4) -> 1ESL | C201: =_xlfn.XLOOKUP(Table13[[#This Row],[Employee]],'Location List'!M:M,'Location List'!N:N,"",0) | D201: 10/2026 | E201: VALERIE RODRIGUEZ(122796) | F201: 1ESL: South Park Mall | G201: 3 | H201: 817 | I201: 678.25 | J201: * | K201: 23.88 | L201: 35 | M201: 0.68228571 | N201: 946 | O201: 40 | P201: 367 | Q201: 0.10899183 | R201: 0.19 | S201: 0.573636 | T201: 966 | U201: 9 | V201: 367 | W201: 0.024523161 | X201: 0.05 | Y201: 0.49046 | Z201: 648 | AA201: 1.111111 | AB201: 801 | AC201: 8 | AD201: 106 | AE201: 36 | AF201: 29.7149 | AG201: 1.2115 | AH201: 101 | AI201: 0.322222 | AJ201: 0.4 | AK201: 0.805555 | AL201: 715 | AM201: 13 | AN201: 22 | AO201: 0.59090909 | AP201: 0.8 | AQ201: 0.738636 | AR201: 1010 | AS201: 0 | AT201: 501
A202: =_xlfn.XLOOKUP(Table13[[#This Row],[SAP]],'Location List'!B:B,'Location List'!G:G) -> WEST TEXAS | B202: =LEFT(Table13[[#This Row],[Sap: Loaction]],4) -> 1LSS | C202: =_xlfn.XLOOKUP(Table13[[#This Row],[Employee]],'Location List'!M:M,'Location List'!N:N,"",0) | D202: 10/2026 | E202: KIMBERLY POLLOCK(128524) | F202: 1LSS: Farmington | G202: 3 | H202: 818 | I202: 678.4 | J202: * | K202: 45.01 | L202: 35 | M202: 1.286 | N202: 398 | O202: 30 | P202: 202 | Q202: 0.14851485 | R202: 0.19 | S202: 0.781652 | T202: 665 | U202: 8 | V202: 202 | W202: 0.03960396 | X202: 0.05 | Y202: 0.79206 | Z202: 301 | AA202: 1.105263 | AB202: 809 | AC202: 9.25 | AD202: 51 | AE202: 20 | AF202: 31.4129 | AG202: 0.6367 | AH202: 1294 | AI202: 0.33846133 | AJ202: 0.4 | AK202: 0.846152 | AL202: 633 | AM202: 3 | AN202: 7 | AO202: 0.42857143 | AP202: 0.8 | AQ202: 0.535713 | AR202: 1122 | AS202: 0 | AT202: 501
A203: =_xlfn.XLOOKUP(Table13[[#This Row],[SAP]],'Location List'!B:B,'Location List'!G:G) -> DFW EAST | B203: =LEFT(Table13[[#This Row],[Sap: Loaction]],4) -> 0115 | C203: =_xlfn.XLOOKUP(Table13[[#This Row],[Employee]],'Location List'!M:M,'Location List'!N:N,"",0) | D203: 10/2026 | E203: ALEXANDRA SANCHEZ(117542) | F203: 0115: Rufe Snow | G203: 3 | H203: 820 | I203: 678.9 | J203: * | K203: 63.39 | L203: 40 | M203: 1.58475 | N203: 221 | O203: 35 | P203: 335 | Q203: 0.10447761 | R203: 0.19 | S203: 0.549878 | T203: 1002 | U203: 0 | V203: 335 | W203: 0 | X203: 0.05 | Y203: 0 | Z203: 1312 | AA203: 1.529411 | AB203: 443 | AC203: 8 | AD203: 106 | AE203: 48 | AF203: 45.8458 | AG203: 1.047 | AH203: 331 | AI203: 0.2627445 | AJ203: 0.4 | AK203: 0.65686 | AL203: 871 | AP203: 0.8 | AQ203: 0 | AR203: 1225 | AS203: 0 | AT203: 501
A204: =_xlfn.XLOOKUP(Table13[[#This Row],[SAP]],'Location List'!B:B,'Location List'!G:G) -> SA/HILL COUNTRY | B204: =LEFT(Table13[[#This Row],[Sap: Loaction]],4) -> 1ESD | C204: =_xlfn.XLOOKUP(Table13[[#This Row],[Employee]],'Location List'!M:M,'Location List'!N:N,"",0) | D204: 10/2026 | E204: ISAAC RAMIREZ(128000) | F204: 1ESD: Seguin | G204: 4 | H204: 826 | I204: 681.8 | J204: * | K204: 20.72 | L204: 40 | M204: 0.518 | N204: 1087 | O204: 30 | P204: 294 | Q204: 0.10204082 | R204: 0.19 | S204: 0.537052 | T204: 1023 | U204: 15 | V204: 294 | W204: 0.051020408 | X204: 0.05 | Y204: 1.0204 | Z204: 159 | AA204: 1.354838 | AB204: 578 | AC204: 9.90909 | AD204: 6 | AE204: 41 | AF204: 50.9398 | AG204: 0.8049 | AH204: 951 | AI204: 0.222222 | AJ204: 0.4 | AK204: 0.555555 | AL204: 971 | AM204: 4 | AN204: 4 | AO204: 1 | AP204: 0.8 | AQ204: 1.25 | AR204: 1 | AS204: 0 | AT204: 501
A205: =_xlfn.XLOOKUP(Table13[[#This Row],[SAP]],'Location List'!B:B,'Location List'!G:G) -> DFW EAST | B205: =LEFT(Table13[[#This Row],[Sap: Loaction]],4) -> 2536 | C205: =_xlfn.XLOOKUP(Table13[[#This Row],[Employee]],'Location List'!M:M,'Location List'!N:N,"",0) | D205: 10/2026 | E205: MIGUEL LLANES(126834) | F205: 2536: Cooper Street | G205: 4 | H205: 830 | I205: 683.1 | J205: * | K205: 49.63 | L205: 40 | M205: 1.24075 | N205: 431 | O205: 64 | P205: 439 | Q205: 0.14578588 | R205: 0.19 | S205: 0.767289 | T205: 683 | U205: 13 | V205: 439 | W205: 0.029612756 | X205: 0.05 | Y205: 0.59224 | Z205: 508 | AA205: 0.731707 | AB205: 1162 | AC205: 10 | AD205: 1 | AE205: 67 | AF205: 73.8627 | AG205: 0.9071 | AH205: 677 | AI205: 0.15277767 | AJ205: 0.4 | AK205: 0.381942 | AL205: 1169 | AM205: 13 | AN205: 20 | AO205: 0.65 | AP205: 0.8 | AQ205: 0.8125 | AR205: 963 | AS205: 0 | AT205: 501
A206: =_xlfn.XLOOKUP(Table13[[#This Row],[SAP]],'Location List'!B:B,'Location List'!G:G) -> CENTRAL TEXAS | B206: =LEFT(Table13[[#This Row],[Sap: Loaction]],4) -> 1DST | C206: =_xlfn.XLOOKUP(Table13[[#This Row],[Employee]],'Location List'!M:M,'Location List'!N:N,"",0) | D206: 10/2026 | E206: YESSICA MELENDEZ(129928) | F206: 1DST: Texas Ave | G206: 4 | H206: 832 | I206: 683.7 | J206: * | K206: 29.25 | L206: 40 | M206: 0.73125 | N206: 904 | O206: 12 | P206: 274 | Q206: 0.04379562 | R206: 0.19 | S206: 0.2305 | T206: 1280 | U206: 10 | V206: 274 | W206: 0.03649635 | X206: 0.05 | Y206: 0.72992 | Z206: 352 | AA206: 1.8 | AB206: 293 | AC206: 8.7 | AD206: 80 | AE206: 37 | AF206: 44.9968 | AG206: 0.8223 | AH206: 904 | AI206: 0.80555533 | AJ206: 0.4 | AK206: 2.013887 | AL206: 36 | AM206: 3 | AN206: 4 | AO206: 0.75 | AP206: 0.8 | AQ206: 0.9375 | AR206: 804 | AS206: 0 | AT206: 501
A207: =_xlfn.XLOOKUP(Table13[[#This Row],[SAP]],'Location List'!B:B,'Location List'!G:G) -> CENTRAL TEXAS | B207: =LEFT(Table13[[#This Row],[Sap: Loaction]],4) -> 1FSC | C207: =_xlfn.XLOOKUP(Table13[[#This Row],[Employee]],'Location List'!M:M,'Location List'!N:N,"",0) | D207: 10/2026 | E207: MARINDA PORTER(127869) | F207: 1FSC: Buda | G207: 4 | H207: 833 | I207: 683.75 | J207: * | K207: 28.23 | L207: 40 | M207: 0.70575 | N207: 927 | O207: 20 | P207: 165 | Q207: 0.12121212 | R207: 0.19 | S207: 0.637957 | T207: 864 | U207: 4 | V207: 165 | W207: 0.024242424 | X207: 0.05 | Y207: 0.48484 | Z207: 658 | AA207: 1.307692 | AB207: 625 | AC207: 8 | AD207: 106 | AE207: 41 | AF207: 41.6008 | AG207: 0.9856 | AH207: 466 | AI207: 0.23333333 | AJ207: 0.4 | AK207: 0.583332 | AL207: 938 | AM207: 5 | AN207: 6 | AO207: 0.83333333 | AP207: 0.8 | AQ207: 1.041666 | AR207: 693 | AS207: 0 | AT207: 501
A208: =_xlfn.XLOOKUP(Table13[[#This Row],[SAP]],'Location List'!B:B,'Location List'!G:G) -> MO/IA/NE | B208: =LEFT(Table13[[#This Row],[Sap: Loaction]],4) -> 4ASN | C208: =_xlfn.XLOOKUP(Table13[[#This Row],[Employee]],'Location List'!M:M,'Location List'!N:N,"",0) | D208: 10/2026 | E208: JACOB WITHERSPOON(123573) | F208: 4ASN: Jeff City | G208: 4 | H208: 851 | I208: 688.5 | J208: * | K208: 70.54 | L208: 40 | M208: 1.7635 | N208: 145 | O208: 47 | P208: 330 | Q208: 0.14242424 | R208: 0.19 | S208: 0.7496 | T208: 708 | U208: 5 | V208: 330 | W208: 0.015151515 | X208: 0.05 | Y208: 0.30302 | Z208: 944 | AA208: 0.590909 | AB208: 1275 | AC208: 8.3 | AD208: 94 | AE208: 62 | AF208: 86.5977 | AG208: 0.716 | AH208: 1175 | AI208: 0.41363167 | AJ208: 0.4 | AK208: 1.034077 | AL208: 438 | AM208: 4 | AN208: 5 | AO208: 0.8 | AP208: 0.8 | AQ208: 1 | AR208: 738 | AS208: 0 | AT208: 501
A209: =_xlfn.XLOOKUP(Table13[[#This Row],[SAP]],'Location List'!B:B,'Location List'!G:G) -> KS/OK | B209: =LEFT(Table13[[#This Row],[Sap: Loaction]],4) -> 857C | C209: =_xlfn.XLOOKUP(Table13[[#This Row],[Employee]],'Location List'!M:M,'Location List'!N:N,"",0) | D209: 10/2026 | E209: ZACHARY HAJNY(127857) | F209: 857C: Schilling | G209: 4 | H209: 858 | I209: 690.7 | J209: * | K209: 56.93 | L209: 40 | M209: 1.42325 | N209: 310 | O209: 60 | P209: 359 | Q209: 0.16713092 | R209: 0.19 | S209: 0.879631 | T209: 533 | U209: 21 | V209: 359 | W209: 0.058495822 | X209: 0.05 | Y209: 1.1699 | Z209: 82 | AA209: 0.886363 | AB209: 1027 | AC209: 9 | AD209: 63 | AE209: 28 | AF209: 44.9968 | AG209: 0.6223 | AH209: 1324 | AI209: 0.13817633 | AJ209: 0.4 | AK209: 0.34544 | AL209: 1200 | AM209: 8 | AN209: 14 | AO209: 0.57142857 | AP209: 0.8 | AQ209: 0.714285 | AR209: 1018 | AS209: 0 | AT209: 501
A210: =_xlfn.XLOOKUP(Table13[[#This Row],[SAP]],'Location List'!B:B,'Location List'!G:G) -> DFW NORTH | B210: =LEFT(Table13[[#This Row],[Sap: Loaction]],4) -> 1239 | C210: =_xlfn.XLOOKUP(Table13[[#This Row],[Employee]],'Location List'!M:M,'Location List'!N:N,"",0) | D210: 10/2026 | E210: NOEMY HERRERA(125919) | F210: 1239: Duncanville | G210: 4 | H210: 861 | I210: 691.5 | J210: * | K210: 24.31 | L210: 35 | M210: 0.69457143 | N210: 936 | O210: 31 | P210: 214 | Q210: 0.14485981 | R210: 0.19 | S210: 0.762415 | T210: 690 | U210: 7 | V210: 214 | W210: 0.03271028 | X210: 0.05 | Y210: 0.6542 | Z210: 434 | AA210: 0.96 | AB210: 951 | AC210: 10 | AD210: 1 | AE210: 31 | AF210: 39.9028 | AG210: 0.7769 | AH210: 1020 | AI210: 0.368421 | AJ210: 0.4 | AK210: 0.921052 | AL210: 552 | AM210: 6 | AN210: 7 | AO210: 0.85714286 | AP210: 0.8 | AQ210: 1.071427 | AR210: 663 | AS210: 0 | AT210: 501
A211: =_xlfn.XLOOKUP(Table13[[#This Row],[SAP]],'Location List'!B:B,'Location List'!G:G) -> DFW EAST | B211: =LEFT(Table13[[#This Row],[Sap: Loaction]],4) -> 2536 | C211: =_xlfn.XLOOKUP(Table13[[#This Row],[Employee]],'Location List'!M:M,'Location List'!N:N,"",0) | D211: 10/2026 | E211: ADALISAHARY GARCIA(121819) | F211: 2536: Cooper Street | G211: 4 | H211: 864 | I211: 693.75 | J211: * | K211: 16.57 | L211: 40 | M211: 0.41425 | N211: 1140 | O211: 23 | P211: 259 | Q211: 0.088803089 | R211: 0.19 | S211: 0.467384 | T211: 1093 | U211: 5 | V211: 259 | W211: 0.019305019 | X211: 0.05 | Y211: 0.3861 | Z211: 814 | AA211: 1.272727 | AB211: 659 | AC211: 7 | AD211: 132 | AE211: 67 | AF211: 73.8627 | AG211: 0.9071 | AH211: 677 | AI211: 0.4166665 | AJ211: 0.4 | AK211: 1.041665 | AL211: 420 | AM211: 2 | AN211: 2 | AO211: 1 | AP211: 0.8 | AQ211: 1.25 | AR211: 1 | AS211: 0 | AT211: 501
A212: =_xlfn.XLOOKUP(Table13[[#This Row],[SAP]],'Location List'!B:B,'Location List'!G:G) -> KS/OK | B212: =LEFT(Table13[[#This Row],[Sap: Loaction]],4) -> 4781 | C212: =_xlfn.XLOOKUP(Table13[[#This Row],[Employee]],'Location List'!M:M,'Location List'!N:N,"",0) | D212: 10/2026 | E212: BRAVEN MCNAIR(129820) | F212: 4781: Market Place | G212: 4 | H212: 868 | I212: 694.3 | J212: * | K212: 44.76 | L212: 40 | M212: 1.119 | N212: 549 | O212: 40 | P212: 293 | Q212: 0.13651877 | R212: 0.19 | S212: 0.718515 | T212: 758 | U212: 5 | V212: 293 | W212: 0.017064846 | X212: 0.05 | Y212: 0.34128 | Z212: 879 | AA212: 0.95 | AB212: 961 | AC212: 9.666666 | AD212: 24 | AE212: 44 | AF212: 59.4298 | AG212: 0.7404 | AH212: 1111 | AI212: 0.188034 | AJ212: 0.4 | AK212: 0.470085 | AL212: 1072 | AM212: 5 | AN212: 5 | AO212: 1 | AP212: 0.8 | AQ212: 1.25 | AR212: 1 | AS212: 1.25 | AT212: 1
A213: =_xlfn.XLOOKUP(Table13[[#This Row],[SAP]],'Location List'!B:B,'Location List'!G:G) -> DFW EAST | B213: =LEFT(Table13[[#This Row],[Sap: Loaction]],4) -> 5784 | C213: =_xlfn.XLOOKUP(Table13[[#This Row],[Employee]],'Location List'!M:M,'Location List'!N:N,"",0) | D213: 10/2026 | E213: TINA DELGADO(126266) | F213: 5784: Wesley | G213: 4 | H213: 870 | I213: 696.2 | J213: * | K213: 33.62 | L213: 40 | M213: 0.8405 | N213: 804 | O213: 39 | P213: 316 | Q213: 0.12341772 | R213: 0.19 | S213: 0.649563 | T213: 851 | U213: 6 | V213: 316 | W213: 0.018987342 | X213: 0.05 | Y213: 0.37974 | Z213: 823 | AA213: 2.142857 | AB213: 172 | AC213: 10 | AD213: 1 | AE213: 34 | AF213: 45.8458 | AG213: 0.7416 | AH213: 1106 | AI213: 0.48937867 | AJ213: 0.4 | AK213: 1.223445 | AL213: 293 | AM213: 7 | AN213: 15 | AO213: 0.46666667 | AP213: 0.8 | AQ213: 0.583332 | AR213: 1106 | AS213: 0 | AT213: 501
A214: =_xlfn.XLOOKUP(Table13[[#This Row],[SAP]],'Location List'!B:B,'Location List'!G:G) -> SA/HILL COUNTRY | B214: =LEFT(Table13[[#This Row],[Sap: Loaction]],4) -> 583D | C214: =_xlfn.XLOOKUP(Table13[[#This Row],[Employee]],'Location List'!M:M,'Location List'!N:N,"",0) | D214: 10/2026 | E214: PAUL REYES(127946) | F214: 583D: Cibolo | G214: 4 | H214: 871 | I214: 696.7 | J214: * | K214: 16.86 | L214: 40 | M214: 0.4215 | N214: 1138 | O214: 25 | P214: 190 | Q214: 0.13157895 | R214: 0.19 | S214: 0.692515 | T214: 791 | U214: 11 | V214: 190 | W214: 0.057894737 | X214: 0.05 | Y214: 1.15788 | Z214: 89 | AA214: 0.5 | AB214: 1319 | AC214: 9.6 | AD214: 30 | AE214: 34 | AF214: 29.7149 | AG214: 1.1442 | AH214: 168 | AI214: 0.111111 | AJ214: 0.4 | AK214: 0.277777 | AL214: 1250 | AM214: 4 | AN214: 5 | AO214: 0.8 | AP214: 0.8 | AQ214: 1 | AR214: 738 | AS214: 0 | AT214: 501
A215: =_xlfn.XLOOKUP(Table13[[#This Row],[SAP]],'Location List'!B:B,'Location List'!G:G) -> DFW EAST | B215: =LEFT(Table13[[#This Row],[Sap: Loaction]],4) -> 5784 | C215: =_xlfn.XLOOKUP(Table13[[#This Row],[Employee]],'Location List'!M:M,'Location List'!N:N,"",0) | D215: 10/2026 | E215: SUZANNE BOSHELL(126826) | F215: 5784: Wesley | G215: 4 | H215: 874 | I215: 697 | J215: * | K215: 43.62 | L215: 40 | M215: 1.0905 | N215: 574 | O215: 34 | P215: 366 | Q215: 0.092896175 | R215: 0.19 | S215: 0.488926 | T215: 1069 | U215: 9 | V215: 366 | W215: 0.024590164 | X215: 0.05 | Y215: 0.4918 | Z215: 646 | AA215: 1.629629 | AB215: 385 | AC215: 8.571428 | AD215: 85 | AE215: 34 | AF215: 45.8458 | AG215: 0.7416 | AH215: 1106 | AI215: 0.42857133 | AJ215: 0.4 | AK215: 1.071427 | AL215: 392 | AM215: 3 | AN215: 4 | AO215: 0.75 | AP215: 0.8 | AQ215: 0.9375 | AR215: 804 | AS215: 0.625 | AT215: 452
... A217: =_xlfn.XLOOKUP(Table13[[#This Row],[SAP]],'Location List'!B:B,'Location List'!G:G) -> DFW NORTH | B217: =LEFT(Table13[[#This Row],[Sap: Loaction]],4) -> 465D | C217: =_xlfn.XLOOKUP(Table13[[#This Row],[Employee]],'Location List'!M:M,'Location List'!N:N,"",0) | D217: 10/2026 | E217: MIGUEL SAENZ(121029) | F217: 465D: Stonebrook | G217: 4 | H217: 880 | I217: 699.85 | J217: * | K217: 19.8 | L217: 40 | M217: 0.495 | N217: 1095 | O217: 14 | P217: 104 | Q217: 0.13461538 | R217: 0.19 | S217: 0.7085 | T217: 770 | U217: 6 | V217: 104 | W217: 0.057692308 | X217: 0.05 | Y217: 1.15384 | Z217: 91 | AA217: 2 | AB217: 209 | AC217: 10 | AD217: 1 | AE217: 17 | AF217: 28.0169 | AG217: 0.6068 | AH217: 1338 | AI217: 0.44444433 | AJ217: 0.4 | AK217: 1.11111 | AL217: 351 | AM217: 1 | AN217: 3 | AO217: 0.33333333 | AP217: 0.8 | AQ217: 0.416666 | AR217: 1157 | AS217: 0 | AT217: 501
A218: =_xlfn.XLOOKUP(Table13[[#This Row],[SAP]],'Location List'!B:B,'Location List'!G:G) -> CENTRAL TEXAS | B218: =LEFT(Table13[[#This Row],[Sap: Loaction]],4) -> 1FSS | C218: =_xlfn.XLOOKUP(Table13[[#This Row],[Employee]],'Location List'!M:M,'Location List'!N:N,"",0) | D218: 10/2026 | E218: AMBER HORN(126154) | F218: 1FSS: Belterra | G218: 4 | H218: 882 | I218: 700.75 | J218: * | K218: 36.78 | L218: 30 | M218: 1.226 | N218: 446 | O218: 36 | P218: 141 | Q218: 0.25531915 | R218: 0.19 | S218: 1.343784 | T218: 162 | U218: 5 | V218: 141 | W218: 0.035460993 | X218: 0.05 | Y218: 0.7092 | Z218: 373 | AA218: 0.565217 | AB218: 1293 | AC218: 6.666666 | AD218: 137 | AE218: 9 | AF218: 15.2819 | AG218: 0.5889 | AH218: 1353 | AJ218: 0.4 | AK218: 0 | AL218: 1340 | AM218: 14 | AN218: 19 | AO218: 0.73684211 | AP218: 0.8 | AQ218: 0.921052 | AR218: 842 | AS218: 1.25 | AT218: 1
A219: =_xlfn.XLOOKUP(Table13[[#This Row],[SAP]],'Location List'!B:B,'Location List'!G:G) -> CENTRAL TEXAS | B219: =LEFT(Table13[[#This Row],[Sap: Loaction]],4) -> 545D | C219: =_xlfn.XLOOKUP(Table13[[#This Row],[Employee]],'Location List'!M:M,'Location List'!N:N,"",0) | D219: 10/2026 | E219: GISELLE RAMIREZ(127600) | F219: 545D: College Station | G219: 4 | H219: 887 | I219: 705.15 | J219: * | K219: 26.72 | L219: 35 | M219: 0.76342857 | N219: 874 | O219: 10 | P219: 101 | Q219: 0.099009901 | R219: 0.19 | S219: 0.5211 | T219: 1040 | U219: 6 | V219: 101 | W219: 0.059405941 | X219: 0.05 | Y219: 1.1881 | Z219: 76 | AA219: 0.809523 | AB219: 1100 | AC219: 9.428571 | AD219: 41 | AE219: 24 | AF219: 24.6209 | AG219: 0.9748 | AH219: 513 | AI219: 0.190476 | AJ219: 0.4 | AK219: 0.47619 | AL219: 1063 | AM219: 8 | AN219: 9 | AO219: 0.88888889 | AP219: 0.8 | AQ219: 1.11111 | AR219: 611 | AS219: 1.25 | AT219: 1
A220: =_xlfn.XLOOKUP(Table13[[#This Row],[SAP]],'Location List'!B:B,'Location List'!G:G) -> SA/HILL COUNTRY | B220: =LEFT(Table13[[#This Row],[Sap: Loaction]],4) -> 1DSW | C220: =_xlfn.XLOOKUP(Table13[[#This Row],[Employee]],'Location List'!M:M,'Location List'!N:N,"",0) | D220: 10/2026 | E220: SANTOS ROJAS(113883) | F220: 1DSW: Kerrville | G220: 4 | H220: 889 | I220: 706 | J220: * | K220: 46.12 | L220: 40 | M220: 1.153 | N220: 515 | O220: 49 | P220: 361 | Q220: 0.13573407 | R220: 0.19 | S220: 0.714389 | T220: 760 | U220: 16 | V220: 361 | W220: 0.04432133 | X220: 0.05 | Y220: 0.88642 | Z220: 233 | AA220: 1.40909 | AB220: 535 | AC220: 9.857142 | AD220: 12 | AE220: 30 | AF220: 45.8458 | AG220: 0.6544 | AH220: 1271 | AI220: 0.148148 | AJ220: 0.4 | AK220: 0.37037 | AL220: 1176 | AM220: 12 | AN220: 18 | AO220: 0.66666667 | AP220: 0.8 | AQ220: 0.833332 | AR220: 905 | AS220: 0 | AT220: 501
A221: =_xlfn.XLOOKUP(Table13[[#This Row],[SAP]],'Location List'!B:B,'Location List'!G:G) -> KS/OK | B221: =LEFT(Table13[[#This Row],[Sap: Loaction]],4) -> 4781 | C221: =_xlfn.XLOOKUP(Table13[[#This Row],[Employee]],'Location List'!M:M,'Location List'!N:N,"",0) -> RSM | D221: 10/2026 | E221: AUSTIN HIROM(114277) | F221: 4781: Market Place | G221: 4 | H221: 891 | I221: 706.65 | J221: * | K221: 5.96 | L221: 40 | M221: 0.149 | N221: 1264 | O221: 8 | P221: 138 | Q221: 0.057971014 | R221: 0.19 | S221: 0.30511 | T221: 1235 | U221: 4 | V221: 138 | W221: 0.028985507 | X221: 0.05 | Y221: 0.5797 | Z221: 528 | AA221: 2.090909 | AB221: 184 | AC221: 10 | AD221: 1 | AE221: 44 | AF221: 59.4298 | AG221: 0.7404 | AH221: 1111 | AI221: 0.472222 | AJ221: 0.4 | AK221: 1.180555 | AL221: 320 | AM221: 6 | AN221: 6 | AO221: 1 | AP221: 0.8 | AQ221: 1.25 | AR221: 1 | AS221: 1.25 | AT221: 1
A222: =_xlfn.XLOOKUP(Table13[[#This Row],[SAP]],'Location List'!B:B,'Location List'!G:G) -> WEST TEXAS | B222: =LEFT(Table13[[#This Row],[Sap: Loaction]],4) -> 1LSS | C222: =_xlfn.XLOOKUP(Table13[[#This Row],[Employee]],'Location List'!M:M,'Location List'!N:N,"",0) | D222: 10/2026 | E222: NOAH MIRABAL(124635) | F222: 1LSS: Farmington | G222: 4 | H222: 892 | I222: 706.75 | J222: * | K222: 31.27 | L222: 35 | M222: 0.89342857 | N222: 749 | O222: 29 | P222: 209 | Q222: 0.13875598 | R222: 0.19 | S222: 0.730289 | T222: 735 | U222: 5 | V222: 209 | W222: 0.023923445 | X222: 0.05 | Y222: 0.47846 | Z222: 665 | AA222: 1.647058 | AB222: 370 | AC222: 9.818181 | AD222: 14 | AE222: 20 | AF222: 31.4129 | AG222: 0.6367 | AH222: 1294 | AI222: 0.447619 | AJ222: 0.4 | AK222: 1.119047 | AL222: 348 | AM222: 2 | AN222: 5 | AO222: 0.4 | AP222: 0.8 | AQ222: 0.5 | AR222: 1136 | AS222: 1.25 | AT222: 1
A223: =_xlfn.XLOOKUP(Table13[[#This Row],[SAP]],'Location List'!B:B,'Location List'!G:G) -> MO/IA/NE | B223: =LEFT(Table13[[#This Row],[Sap: Loaction]],4) -> 4ASM | C223: =_xlfn.XLOOKUP(Table13[[#This Row],[Employee]],'Location List'!M:M,'Location List'!N:N,"",0) | D223: 10/2026 | E223: CHRISTOPHER BIDDLE(128832) | F223: 4ASM: Osage | G223: 4 | H223: 893 | I223: 707 | J223: * | K223: 56.93 | L223: 40 | M223: 1.42325 | N223: 310 | O223: 63 | P223: 456 | Q223: 0.13815789 | R223: 0.19 | S223: 0.727142 | T223: 744 | U223: 15 | V223: 456 | W223: 0.032894737 | X223: 0.05 | Y223: 0.65788 | Z223: 430 | AA223: 0.891891 | AB223: 1020 | AC223: 7.5 | AD223: 122 | AE223: 33 | AF223: 51.7888 | AG223: 0.6372 | AH223: 1290 | AI223: 0.326797 | AJ223: 0.4 | AK223: 0.816992 | AL223: 705 | AM223: 4 | AN223: 6 | AO223: 0.66666667 | AP223: 0.8 | AQ223: 0.833332 | AR223: 905 | AS223: 0 | AT223: 501
A224: =_xlfn.XLOOKUP(Table13[[#This Row],[SAP]],'Location List'!B:B,'Location List'!G:G) -> DFW EAST | B224: =LEFT(Table13[[#This Row],[Sap: Loaction]],4) -> 0115 | C224: =_xlfn.XLOOKUP(Table13[[#This Row],[Employee]],'Location List'!M:M,'Location List'!N:N,"",0) | D224: 10/2026 | E224: MELISSA GARCIA(117352) | F224: 0115: Rufe Snow | G224: 4 | H224: 896 | I224: 709.1 | J224: * | K224: 37.55 | L224: 40 | M224: 0.93875 | N224: 705 | O224: 28 | P224: 237 | Q224: 0.11814346 | R224: 0.19 | S224: 0.621805 | T224: 894 | U224: 4 | V224: 237 | W224: 0.016877637 | X224: 0.05 | Y224: 0.33754 | Z224: 889 | AA224: 2.153846 | AB224: 170 | AC224: 7 | AD224: 132 | AE224: 48 | AF224: 45.8458 | AG224: 1.047 | AH224: 331 | AI224: 0.033333333 | AJ224: 0.4 | AK224: 0.083332 | AL224: 1333 | AP224: 0.8 | AQ224: 0 | AR224: 1225 | AS224: 1.25 | AT224: 1
...

Sheet Location List
A1: AR Store Name | B1: STORE CODE | C1: STORE NAME | D1: ADDRESS | E1: CITY | F1: STATE | G1: DISTRICT | H1: REGION | I1: AREA | J1: DM | K1: RVP | L1: ADM | M1: RSM | N1: Column1
A2: 1DST : N Texas Ave & San Jacinto Ln | B2: 1DST | C2: Texas Ave | D2: 1601 N Texas Ave, Suite 180 | E2: Bryan | F2: TX | G2: CENTRAL TEXAS | H2: CENTRAL | I2: TMOBILE AREA | J2: STEVEN MENASHE | K2: ERICA GILLIAM | L2: KEVIN STARKE | M2: SHANNON FERGUSON(124126) | N2: RSM
A3: 1DSU : Rudder's Landing | B3: 1DSU | C3: Bryan | D3: 1622 W Villa Maria Rd, Suite 100 | E3: Bryan | F3: TX | G3: CENTRAL TEXAS | H3: CENTRAL | I3: TMOBILE AREA | J3: STEVEN MENASHE | K3: ERICA GILLIAM | L3: KEVIN STARKE | M3: SHAIN HARRIS(123607) | N3: RSM
A4: 1FSC : Old San Antonio Rd & Main St | B4: 1FSC | C4: Buda | D4: 640 Old San Antonio Rd, Suite 100 | E4: Buda | F4: TX | G4: CENTRAL TEXAS | H4: CENTRAL | I4: TMOBILE AREA | J4: STEVEN MENASHE | K4: ERICA GILLIAM | L4: KEVIN STARKE | M4: JACOB MINOR(124926) | N4: RSM
A5: 1FSS : Belterra Village | B5: 1FSS | C5: Belterra | D5: 165 Hargraves Dr, Suite P200 | E5: Austin | F5: TX | G5: CENTRAL TEXAS | H5: CENTRAL | I5: TMOBILE AREA | J5: STEVEN MENASHE | K5: ERICA GILLIAM | L5: KEVIN STARKE | M5: ANGELICA ESPARZA(122869) | N5: RSM
A6: 545D : State Hwy 6 & Arrington Rd | B6: 545D | C6: College Station | D6: 4400 Highway 6 S, Suite 400 | E6: College Station | F6: TX | G6: CENTRAL TEXAS | H6: CENTRAL | I6: TMOBILE AREA | J6: STEVEN MENASHE | K6: ERICA GILLIAM | L6: KEVIN STARKE | M6: MYTEECIA BENSON(129394) | N6: RSM
A7: 961F : State Hwy 71 & W Hwy 159 | B7: 961F | C7: Highway 71 | D7: 2001 W State Highway 71, Suite D | E7: La Grange | F7: TX | G7: CENTRAL TEXAS | H7: CENTRAL | I7: TMOBILE AREA | J7: STEVEN MENASHE | K7: ERICA GILLIAM | L7: KEVIN STARKE | M7: REUBEN RICH JR(128312) | N7: RSM
A8: 1DSD : Constitution & US 190 | B8: 1DSD | C8: Copperas Cove | D8: 210 Constitution Dr, Building B | E8: Copperas Cove | F8: TX | G8: CENTRAL TEXAS | H8: CENTRAL | I8: TMOBILE AREA | J8: STEVEN MENASHE | K8: ERICA GILLIAM | L8: KEVIN STARKE | M8: RENE ARREDONDO(105152) | N8: RSM
A9: 1DSF : Stan Schlueter & Jake Spoon | B9: 1DSF | C9: Killeen | D9: 3650 W Stan Schlueter Loop, Suite 100 | E9: Killeen | F9: TX | G9: CENTRAL TEXAS | H9: CENTRAL | I9: TMOBILE AREA | J9: STEVEN MENASHE | K9: ERICA GILLIAM | L9: KEVIN STARKE | M9: JESSICA BENSKIN(105163) | N9: RSM
A10: 1DSG : N Main St & Carlos G Parker Blvd NW | B10: 1DSG | C10: Taylor | D10: 3605 N Main St, Suite 36-102 | E10: Taylor | F10: TX | G10: CENTRAL TEXAS | H10: CENTRAL | I10: TMOBILE AREA | J10: STEVEN MENASHE | K10: ERICA GILLIAM | L10: KEVIN STARKE | M10: LAMONICA ALVARADO(106418) | N10: RSM
A11: 1FSH : Ring Dr & Saint Mary Dr | B11: 1FSH | C11: Manor | D11: 11828 Ring Dr, Suite 109 | E11: Manor | F11: TX | G11: CENTRAL TEXAS | H11: CENTRAL | I11: TMOBILE AREA | J11: STEVEN MENASHE | K11: ERICA GILLIAM | L11: KEVIN STARKE | M11: SHANNON VOORHEES(115363) | N11: RSM
A12: 1FSI : US Hwy 281 & Trade St | B12: 1FSI | C12: Marble Falls | D12: 2511 US Highway 281, Suite 600 | E12: Marble Falls | F12: TX | G12: CENTRAL TEXAS | H12: CENTRAL | I12: TMOBILE AREA | J12: STEVEN MENASHE | K12: ERICA GILLIAM | L12: KEVIN STARKE | M12: CHRISTOPHER SELLE(124211) | N12: RSM
... A23: 465D : W Stonebrook Pkwy & Fm 423 | B23: 465D | C23: Stonebrook | D23: 252 W Stonebrook Parkway, Suite 570 | E23: Frisco | F23: TX | G23: DFW NORTH | H23: CENTRAL | I23: TMOBILE AREA | J23: BEAU CUMBIE | K23: ERICA GILLIAM | L23: KEVIN STARKE | M23: ZACHARY ANDUHA(129203) | N23: RSM
A24: 904E : S Jefferson Ave & E Ferguson | B24: 904E | C24: Jefferson | D24: 618 S Jefferson Ave | E24: Mt Pleasant | F24: TX | G24: DFW NORTH | H24: CENTRAL | I24: TMOBILE AREA | J24: BEAU CUMBIE | K24: ERICA GILLIAM | L24: KEVIN STARKE | N24: RSM
A25: 1239 : Cedar Ridge & Wheatland Rd | B25: 1239 | C25: Duncanville | D25: 327 S Cedar Ridge Drive | E25: Duncanville | F25: TX | G25: DFW NORTH | H25: CENTRAL | I25: TMOBILE AREA | J25: BEAU CUMBIE | K25: ERICA GILLIAM | L25: KEVIN STARKE | M25: ALEXA ORTEGA(123577) | N25: RSM
A26: 1BSA : E Ennis Ave & Laurel St | B26: 1BSA | C26: Ennis | D26: 600 E Ennis Ave, Suite B | E26: Ennis | F26: TX | G26: DFW NORTH | H26: CENTRAL | I26: TMOBILE AREA | J26: BEAU CUMBIE | K26: ERICA GILLIAM | L26: KEVIN STARKE | M26: CECILIA ANDRADE(123160) | N26: RSM
A27: 1BSE : E Ovilla Rd & Harris Ave | B27: 1BSE | C27: Red Oak | D27: 102 E Ovilla Rd, Suite B4 | E27: Ennis | F27: TX | G27: DFW NORTH | H27: CENTRAL | I27: TMOBILE AREA | J27: BEAU CUMBIE | K27: ERICA GILLIAM | L27: KEVIN STARKE | M27: DESTINY PAGE(122505) | N27: RSM
A28: 5429 : 7th Ave & S 34th Street | B28: 5429 | C28: Seventh Ave | D28: 2521 W 7th Ave, Suite B | E28: Corsicana | F28: TX | G28: DFW NORTH | H28: CENTRAL | I28: TMOBILE AREA | J28: BEAU CUMBIE | K28: ERICA GILLIAM | L28: KEVIN STARKE | M28: JASMINE KENNEMORE(126167) | N28: RSM
A29: 256E : N Wolfe Nursery Rd & Washington St | B29: 256E | C29: Stephenville | D29: 100 Wolfe Nursery Rd, Suite 114 | E29: Stephenville | F29: TX | G29: DFW NORTH | H29: CENTRAL | I29: TMOBILE AREA | J29: BEAU CUMBIE | K29: ERICA GILLIAM | L29: KEVIN STARKE | M29: ANDREW BROWN(111050) | N29: RSM
A30: 1CSM : S Main St & Adams Dr | B30: 1CSM | C30: Weatherford | D30: 1950 S Main St | E30: Weatherford | F30: TX | G30: DFW NORTH | H30: CENTRAL | I30: TMOBILE AREA | J30: BEAU CUMBIE | K30: ERICA GILLIAM | L30: KEVIN STARKE | M30: TYLER BEAL(109960) | N30: RSM
A31: 211E : Henderson St & Ridgeway Dr | B31: 211E | C31: Cleburne | D31: 1502 W Henderson St, Suite B | E31: Cleburne | F31: TX | G31: DFW NORTH | H31: CENTRAL | I31: TMOBILE AREA | J31: BEAU CUMBIE | K31: ERICA GILLIAM | L31: KEVIN STARKE | M31: KASSIDY JEFFERSON(126219) | N31: RSM
A32: 924C : Sh 377 & Acton Hwy | B32: 924C | C32: Granbury | D32: 3803 E Highway 377, Suite 100 | E32: Granbury | F32: TX | G32: DFW NORTH | H32: CENTRAL | I32: TMOBILE AREA | J32: BEAU CUMBIE | K32: ERICA GILLIAM | L32: KEVIN STARKE | N32: RSM
A33: 407D : E Prospect Ave & N 5th Street | B33: 407D | C33: Ponca City | D33: 901 E Prospect, Suite C-12 | E33: Ponca City | F33: OK | G33: KS/OK | H33: CENTRAL | I33: TMOBILE AREA | J33: JOE MCKEE | K33: ERICA GILLIAM | L33: KEVIN STARKE | M33: CAYCE LEWIS(116920) | N33: RSM
A34: 849C : Geo Washington Bvld & E Harry St | B34: 849C | C34: George Washington | D34: 1600 George Washington Boulevard | E34: Wichita | F34: KS | G34: KS/OK | H34: CENTRAL | I34: TMOBILE AREA | J34: JOE MCKEE | K34: ERICA GILLIAM | L34: KEVIN STARKE | M34: JAIMIE CALALAY(116983) | N34: RSM
A35: 857C : S 9th Street & E Schilling Rd | B35: 857C | C35: Schilling | D35: 3015 S 9th Street | E35: Salina | F35: KS | G35: KS/OK | H35: CENTRAL | I35: TMOBILE AREA | J35: JOE MCKEE | K35: ERICA GILLIAM | L35: KEVIN STARKE | M35: AUSTIN RALPH(126226) | N35: RSM
A36: 966D : W Taft Ave & Main St | B36: 966D | C36: Sapulpa | D36: 126 W Taft Avenue, Suite 126 | E36: Sapulpa | F36: OK | G36: KS/OK | H36: CENTRAL | I36: TMOBILE AREA | J36: JOE MCKEE | K36: ERICA GILLIAM | L36: KEVIN STARKE | M36: MARQUIS POINDEXTER(116655) | N36: RSM
A37: 114E : The Shoppes at Chisholm Trail | B37: 114E | C37: Chickasha | D37: 2123 S 4th Street | E37: Chickasha | F37: OK | G37: KS/OK | H37: CENTRAL | I37: TMOBILE AREA | J37: JOE MCKEE | K37: ERICA GILLIAM | L37: KEVIN STARKE | M37: RICHARD WASHINGTON(117438) | N37: RSM
A38: 4781 : Shawnee Marketplace | B38: 4781 | C38: Market Place | D38: 4850 Market Place Boulevard, Suite 300 | E38: Shawnee | F38: OK | G38: KS/OK | H38: CENTRAL | I38: TMOBILE AREA | J38: JOE MCKEE | K38: ERICA GILLIAM | L38: KEVIN STARKE | M38: AUSTIN HIROM(114277) | N38: RSM
A39: 4789 : Westgate Plaza | B39: 4789 | C39: Owen Garriott | D39: 2312 A W Owen K Garriott Rd | E39: Enid | F39: OK | G39: KS/OK | H39: CENTRAL | I39: TMOBILE AREA | J39: JOE MCKEE | K39: ERICA GILLIAM | L39: KEVIN STARKE | M39: JAIMIE CALALAY(116983) | N39: RSM
A40: 4DSC : Hwy 152 and Sara Rd | B40: 4DSC | C40: Mustang | D40: 1001 E State Highway 152, Suite 103 | E40: Mustang | F40: OK | G40: KS/OK | H40: CENTRAL | I40: TMOBILE AREA | J40: JOE MCKEE | K40: ERICA GILLIAM | L40: KEVIN STARKE | M40: AUSTIN HIROM(114277) | N40: RSM
A41: 5280 : I-40 and Garth Brooks | B41: 5280 | C41: Garth Brooks Blvd | D41: 1299 Garth Brooks Boulevard | E41: Yukon | F41: OK | G41: KS/OK | H41: CENTRAL | I41: TMOBILE AREA | J41: JOE MCKEE | K41: ERICA GILLIAM | L41: KEVIN STARKE | M41: RICHARD WASHINGTON(117438) | N41: RSM
A42: 586D : Ardmore Commons | B42: 586D | C42: Ardmore | D42: 2401 12th Ave NW, Suite 115 | E42: Ardmore | F42: OK | G42: KS/OK | H42: CENTRAL | I42: TMOBILE AREA | J42: JOE MCKEE | K42: ERICA GILLIAM | L42: KEVIN STARKE | M42: DAVID LENT(121205) | N42: RSM
A43: 990F : Wrangler & Harvey | B43: 990F | C43: Wrangler | D43: 1600 Highway 9 | E43: Seminole | F43: OK | G43: KS/OK | H43: CENTRAL | I43: TMOBILE AREA | J43: JOE MCKEE | K43: ERICA GILLIAM | L43: KEVIN STARKE | M43: DAVID LENT(121205) | N43: RSM
A44: 3ISS : Asbury Rd & Holiday Dr | B44: 3ISS | C44: Dubuque | D44: 4840 Asbury Rd | E44: Dubuque | F44: IA | G44: MO/IA/NE | H44: CENTRAL | I44: TMOBILE AREA | J44: BILL CLARK | K44: ERICA GILLIAM | L44: KEVIN STARKE | M44: JAMES SNIDER(123567) | N44: RSM
... A48: 3ISR : W Broadway & S 22nd St | B48: 3ISR | C48: Council Bluffs | D48: 2133 W Broadway, Suite 300 | E48: Council Bluffs | F48: IA | G48: MO/IA/NE | H48: CENTRAL | I48: TMOBILE AREA | J48: BILL CLARK | K48: ERICA GILLIAM | L48: KEVIN STARKE | M48: CALEB BORGES(117229) | N48: RSM
A49: 4BSH : W Maple Rd & N 150th St | B49: 4BSH | C49: Maple | D49: 14919 West Maple Rd, Suite 104 | E49: Omaha | F49: NE | G49: MO/IA/NE | H49: CENTRAL | I49: TMOBILE AREA | J49: BILL CLARK | K49: ERICA GILLIAM | L49: KEVIN STARKE | N49: RSM
A50: 4BSI : N 180th St & Burke St | B50: 4BSI | C50: 180th Street | D50: 203 N 180th Street, Suite 103 | E50: Omaha | F50: NE | G50: MO/IA/NE | H50: CENTRAL | I50: TMOBILE AREA | J50: BILL CLARK | K50: ERICA GILLIAM | L50: KEVIN STARKE | M50: ADAM KRIEGLER(116977) | N50: RSM
A51: 4BSM : Wright St & S 177th St | B51: 4BSM | C51: Center | D51: 17650 Wright Street, Suite 2 | E51: Omaha | F51: NE | G51: MO/IA/NE | H51: CENTRAL | I51: TMOBILE AREA | J51: BILL CLARK | K51: ERICA GILLIAM | L51: KEVIN STARKE | M51: ABIGAIL BRUNOW(126087) | N51: RSM
A52: 4BSP : 27th & King | B52: 4BSP | C52: King Lane | D52: 2711 King Lane, Suite 203 | E52: Lincoln | F52: NE | G52: MO/IA/NE | H52: CENTRAL | I52: TMOBILE AREA | J52: BILL CLARK | K52: ERICA GILLIAM | L52: KEVIN STARKE | M52: JENNIFER KISSACK(117402) | N52: RSM
A53: 4BSR : N Webb Rd & College St | B53: 4BSR | C53: Grand Island | D53: 2250 Webb Rd, Suite 216 | E53: Grand Island | F53: NE | G53: MO/IA/NE | H53: CENTRAL | I53: TMOBILE AREA | J53: BILL CLARK | K53: ERICA GILLIAM | L53: KEVIN STARKE | M53: JOEL REYES(117715) | N53: RSM
A54: 1627 : Loop 410 & Marbach Rd | B54: 1627 | C54: Marbach | D54: 8223 Marbach Rd, Suite 104 | E54: San Antonio | F54: TX | G54: SA SOUTH | H54: CENTRAL | I54: TMOBILE AREA | J54: GIL CASTILLO | K54: ERICA GILLIAM | L54: KEVIN STARKE | M54: SAMUEL OLIVARRI(117748) | N54: RSM
A55: 1DSZ : H-E-B Plus | B55: 1DSZ | C55: HEB-Lytle | D55: 19337 McDonald St | E55: Lytle | F55: TX | G55: SA SOUTH | H55: CENTRAL | I55: TMOBILE AREA | J55: GIL CASTILLO | K55: ERICA GILLIAM | L55: KEVIN STARKE | M55: LEE GARCIA(118471) | N55: RSM
A56: 1ESL : South Park Mall | B56: 1ESL | C56: South Park Mall | D56: 2310 SW Military Dr, Suite 412 | E56: San Antonio | F56: TX | G56: SA SOUTH | H56: CENTRAL | I56: TMOBILE AREA | J56: GIL CASTILLO | K56: ERICA GILLIAM | L56: KEVIN STARKE | M56: GABRIEL CARRION(103391) | N56: RSM
A57: 1VSE : Valley Hi & SW Loop 410 | B57: 1VSE | C57: Valley Hi | D57: 410 Valley Hi Dr, Suite 302 | E57: San Antonio | F57: TX | G57: SA SOUTH | H57: CENTRAL | I57: TMOBILE AREA | J57: GIL CASTILLO | K57: ERICA GILLIAM | L57: KEVIN STARKE | M57: JEREMY RODRIGUEZ(117526) | N57: RSM
A58: 2074 : Dellcrest Plaza | B58: 2074 | C58: Rigsby Avenue | D58: 4525 Rigsby Rd, Suite 102 | E58: San Antonio | F58: TX | G58: SA SOUTH | H58: CENTRAL | I58: TMOBILE AREA | J58: GIL CASTILLO | K58: ERICA GILLIAM | L58: KEVIN STARKE | M58: TAYLOR PEREZ(112097) | N58: RSM
A59: 4723 : Palo Alto Rd & I-35 | B59: 4723 | C59: Palo Alto | D59: 1431 Palo Alto Rd, Suite 108 | E59: San Antonio | F59: TX | G59: SA SOUTH | H59: CENTRAL | I59: TMOBILE AREA | J59: GIL CASTILLO | K59: ERICA GILLIAM | L59: KEVIN STARKE | M59: EDWARD CHAVEZ(117373) | N59: RSM
A60: 5441 : S Bibb Ave & E Main St | B60: 5441 | C60: South Bibb | D60: 432 S Bibb Ave, Suite 100 | E60: Eagle Pass | F60: TX | G60: SA SOUTH | H60: CENTRAL | I60: TMOBILE AREA | J60: GIL CASTILLO | K60: ERICA GILLIAM | L60: KEVIN STARKE | M60: SAQUIB BHURGRI(126170) | N60: RSM
A61: 584D : E Main St & Ham Ln | B61: 584D | C61: Uvalde | D61: 2809 E Main St, Suite 2 | E61: Uvalde | F61: TX | G61: SA SOUTH | H61: CENTRAL | I61: TMOBILE AREA | J61: GIL CASTILLO | K61: ERICA GILLIAM | L61: KEVIN STARKE | M61: SEBASTIAN HERNANDEZ(116661) | N61: RSM
... A83: 930E : Gregg St & 19th St | B83: 930E | C83: Big Spring | D83: 1900 S Gregg St, Suite A | E83: Big Spring | F83: TX | G83: WEST TEXAS | H83: CENTRAL | I83: TMOBILE AREA | J83: ANTHONY MONTOYA | K83: ERICA GILLIAM | L83: KEVIN STARKE | M83: MARY RODRIGUEZ(126176) | N83: RSM

Sheet Date
A1: 46320
